OUTLET_NAME,WEBSITE,PRIMARY_MEDIUM,NM_AREA_SERVED_TB,NM_AREA_SERVED,TARGET_AUDIENCE,TRIBES?,FREQ,MONTHLY_USERS,NEWS_STAFFING_FTES,NEWS_CONTRIB_FTES,LANGUAGE,TRANSLATION?,NEWS_CONTENT_INDEX,NEWS_CONTENT_REMARKS,Address_Street,Address_City,Address_County,Address_State,Address_Zip,Year_Founded,Year_Owner_Change,OWNER,OWNER_HQ_ST,OWNER_TYPE,Facebook,Instagram,YouTube,X_(Twitter),TikTok,LinkedIn,BlueSky,Other,LAST_UPDATE,Latitude,Longitude,OpenCage Note
"2nd Life Media (Alamogordo Town News, New Mexico Conservative News) ","https://2ndlifemediaalamogordo.town.news/, https://newmexicoconservativenews.com/",Digital,"Doña Ana, Lincoln, Otero","Dona Ana, Lincoln, Otero","General,Women,LGBTQ+,Old People,Profession or Trade,Arts, Culture, Music",Mescalero Apache Tribe,More than once a day,450000,2.25,3,English,No,2.0833333333333335,"Digital service part of a multiplatform service (including radio), Second Life publishes one to two medium length articles daily. They operate with one editor and one publisher. The news content is particualrlly relevant to Alamogodo and localizes New Mexico state politics through a conservative lens. There is factual reporting as well as opinion pieces. There is a comment section and links to their radio affiliate and social media. There is a robust community calendar informing residents of happenings around the area.",1209 New York Avenue ,Alamogordo,Otero,NM,88310,2021,NA,2nd Life Media Corp,NM,Private individual or family,https://www.facebook.com/AlamogordoTownNews/,,,https://x.com/alamogordotown,,,,,2025,32.9038746,-105.9590696,ok
A:shiwi A:wan Messenger,https://www.ashiwi.org/AshiwiAwanMessenger.html,Digital,Zuni Pueblo,Zuni Pueblo,*,*,Occasionally or Sporadically,*,*,*,*,*,0.2916666666666667,Information organ from Zuni Pueblo government. Limited in original journalism but perhaps instrumental in helping meeting Pueblo information needs.,1203B State Highway 53,Zuni Pueblo,Mckinley,NM,87327,*,*,Pueblo of Zuni,NM,Other (Tribe),,,,,,,,,2023,35.06999,-108.845896,ok
Abiquiu News,https://www.abiquiunews.com,Digital,Abiquiu,Rio Arriba,General,*,Weekly,*,*,*,*,*,0.25,Local site with limited original reporting.,4 County Road 187,Abiquiu,Rio Arriba,NM,87510,2013,NA,Carol J Boney,NM,Private individual or family,https://www.facebook.com/AbiquiuNews/,https://www.instagram.com/abiquiunews/,,,,,,,2025,36.2090585,-106.3202946,ok
ABQ RAW,https://abqraw.com,Digital,Bernalillo,Bernalillo,"General,Hispanic,Indigenous,African-American,Low Income,Women,Men,LGBTQ+,Veterans,Young People",Other (All we do post things about Native American issues form time and again),More than once a day,600000,2,0,English,No,1.2083333333333333,"Digital video and photo content focusing on police and crime, self-described as ""unorthodox and at times irreverent.""","1330 San Pedro Drive Northeast, Suite 111",Albuquerque,Bernalillo,NM,87110,2016,*,Circled Wagons Management LLC,NM,For profit organization,,https://www.instagram.com/abqraw/,https://www.youtube.com/@Abqraw,https://x.com/abqraw,,,,,2025,35.0909609,-106.577639,ok
"Adams Radio Group (KGRT-FM, KHQT-FM)",https://kgrt.com/,Radio,Doña Ana,Dona Ana,*,*,*,*,*,*,English,*,1.25,"Commercial radio group providing music formats to Southern NM, providing a modicum of local and regional news",1355 California Ave,Las Cruces,Dona Ana,NM,88001,*,*,Adams Radio Group,MI,For profit organization,https://www.facebook.com/kgrt1039/,,,,,,,,2024,32.3007573,-106.7621264,ok
Alamogordo Daily News,https://alamogordonews.com,Digital,Otero,Otero,"General,Hispanic,Indigenous,Farm or Agricultural,Veterans,Sports, Athletics,Environment, Nature,Arts, Culture, Music,Other (active military, science and astronomy, tourism)",Mescalero Apache Tribe,Daily,5000,1.5,1.5,English,No,2.3333333333333335,"Local newspaper with website, includes original and shared news content.",1301 N White Sands Blvd,Alamogordo ,Otero,NM,88012,1898,2024,El Rito Media,NM,For profit organization,https://www.facebook.com/p/Alamogordo-Daily-News-100063480493287/,,,http://twitter.com/alamogordonews,,,,,2025,32.9030085,-105.9608931,ok
Albuquerque Business First,https://www.bizjournals.com/albuquerque,Digital,Statewide,"Bernallilo, Catron, Chaves, Cibola, Colfax, Curry, De Baca, Dona Ana, Eddy, Grant, Guadalupe, Harding, Hidalgo, Lea, Lincoln, Los Alamos, Luna, McKinley, Mora, Otero, Quay, Rio Arriba, Roosevelt, Sandoval, San Juan, San Miguel, Santa Fe, Sierra, Socorro, Taos, Torrance, Union, Valencia","General,Profession or Trade,Other (Business)",*,More than once a day,8000,14,0.2,English,No,2.125,"Albuquerque-based outet of American City Business Journals with daily coverage of real estate, tech, business personalities etc.","6565 Americas Parkway, Suite 770",Albuquerque,Bernalillo,NM,87110,1982,NA,American City Business Journals,NC,For profit organization,https://www.facebook.com/AlbuquerqueBusinessFirst,https://www.instagram.com/abqbusinessjournal/,,https://x.com/ABQBizFirst,,https://www.linkedin.com/company/albuquerque-business-first/,,,2025,35.1000441,-106.5715929,ok
"Albuquerque Community Media (Public Access, Education GOV-TV & Local Origination",https://www.cabq.gov/artsculture/govtv,Television,Bernalillo,Bernalillo,"Hispanic,Indigenous,Low Income,Women,Men,LGBTQ+,Homeless,Young People,Sports, Athletics,Arts, Culture, Music",Not Applicable,Weekly,*,*,*,English,No,1.5416666666666667,"Collection of four cable access channels operated by city, funded by Comcast franchise agreement, programmed by vendors as public access, educational, community events and government proceedings. Helps meet local information needs in various ways though original journalism is in limited supply.",519 Central NW,Albuquerque,Bernalillo,NM,87104,1981,NA,City of Albuquerque,NM,Nonprofit organization,https://www.facebook.com/OneABQMedia/,https://www.instagram.com/oneabqmedia/,https://www.youtube.com/channel/UCdpRwD5FA0g3ynJWxGk7BVQ,,,,,https://www.cabq.gov/artsculture/govtv/one-albuquerque-media-podcast Podcast website,2025,35.0849868,-106.653661,ok
Albuquerque Journal (ABQjournal.com),https://www.abqjournal.com,Digital,Statewide,Statewide,"General,Hispanic,Indigenous,Young People,Old People,Hunting, Fishing, Outdoor Recreation,Sports, Athletics,Environment, Nature,Arts, Culture, Music","Navajo Nation,Acoma Pueblo,Cochiti Pueblo,Isleta Pueblo,Jemez Pueblo,Jicarilla Apache Nation,Laguna Pueblo,Mescalero Apache Tribe,Pojoaque Pueblo,Sandia Pueblo,San Felipe Pueblo,San Ildefonso Pueblo,Santa Ana Pueblo,Zuni Pueblo",More than once a day,1012000,40,6,English,Yes - Other (replica converted via AI),2.7083333333333335,"The state's largest newspaper, with daily original coverage of crime, business, local sports, government and lifestyle topics.",7777 Jefferson NE,Albuquerque,Bernalillo,NM,87109,1882,1925,Lang family (local ABQ),NM,Private individual or family,https://www.facebook.com/TheAlbuquerqueJournal,https://www.instagram.com/abqjournal/,https://www.youtube.com/channel/UClfbSj-gmJ5J02lAbMYAFkQ,https://twitter.com/abqjournal,https://www.tiktok.com/@abqjournal,,,App: https://apps.apple.com/us/app/albuquerque-journal-newspaper/id452844819,2025,35.1688953,-106.5901739,ok
Albuquerque The Magazine,https://abqthemag.com,Print,Bernalillo,Bernalillo,General,*,Monthly,11594,*,*,English,*,1.5,"An enthusiastic, glossy monthly boosting local arts, culture, events and personalities.",1550 Mercantile Ave. NE,Albuquerque,Bernalillo,NM,87107,2004,*,"Larryl Lynch, Gena Goodson",NM,For profit organization,https://www.facebook.com/abqthemag/,https://www.instagram.com/abqthemag/?hl=en,,https://x.com/abqthemag,,,,,2025,35.1352579,-106.6073562,ok
Artesia Daily Press,https://artesianews.com,Print,Eddy,Eddy,General,Not Applicable,Weekly,1500,5,5,English,No,2.3333333333333335,"Local newspaper with website, includes original and shared news content.",503 W. Main Street,Artesia,Eddy,NM ,88210,2023,1953,"El Rito Media, LLC",NM,For profit organization,https://www.facebook.com/artesianews/,,,http://twitter.com/artesianews,,,,,2025,32.842122,-104.4024803,ok
Associated Press,https://apnews.com,Multiplatform,Statewide,Statewide,General,*,More than once a day,*,*,*,English,*,2.5,"An experienced bureau team covering state government, elections, natural disasters and other local news of national interest.",5130 San Francisco Rd NE,Albuquerque,Bernalillo,NM,87108,1846,*,Associated Press Inc,NY,Nonprofit organization,https://www.facebook.com/APNews,https://www.instagram.com/apnews/,,https://twitter.com/ap,,,,,2025,35.1674074,-106.5889273,ok
Boomtown Los Alamos,https://www.boomtownlosalamos.org,Digital,Los Alamos,Los Alamos,General,Not Applicable,Semi-Daily (fewer than 7 days a week),1400,3,1,English,No,2.375,"Boomtown is a a subscription based newsletter and newswebsite for Los Alamos. The articles are in depth and well researched. Full quotes are rarerly used. Reputable data and graphics are consistrntly used.  There are also photo journalism essays. The articles educate residents about serious issues that range from weather, car crashes, corruption, economic growth, wildlife, politics, and insurance. They publish roughly one to three times a month. There is a staff of four people currently. ",2902 Woodland,Los Alamos,Los ALamos,NM ,87544,2023,*,Founders/partners: Minesh Bacrania and Stephanie Nakhleh,NM,For profit organization,https://www.facebook.com/p/Boomtown-Los-Alamos-61559018636903/,https://www.instagram.com/boomtownlosalamos/,,,,,https://bsky.app/profile/boomtownsteph.bsky.social,Substack https://www.boomtownlosalamos.org/,2025,32.7483897,-103.1644388,ok
"Bravo Mic Communications (KOTS- AM 1230, KDEM-FM, KVLC-FM)",https://www.kotsam.com,Radio,"Grant, Hidalgo, Luna","Grant, Hidalgo, Luna",General,Not Applicable,More than once a day,12000,2,0,Spanish,Yes - English,1.4166666666666667,"Similar to sister stations KDEM and KVLC, KOTS' local news is run by a single person. News is frequent with around one to two brief items published per day. This station translates the stories into Spanish.",1700 S. Gold Ave. ,Deming,Luna,NM,88030,1985,2000,Bravo Mic Communications LLC,NM,Private individual or family,https://www.facebook.com/391473017387275?ref=embed_page,https://www.instagram.com/oteroentertainment/?hl=en,,,,,,,2025,32.251906,-107.757586,ok
Camino Real Media,https://www.caminorealmedia.com,Print,"Doña Ana, Luna","Dona Ana, Luna","General,Hispanic,Immigrant,Environment, Nature",Not Applicable,Bi-Weekly (every other week),20000,2,0,Spanish,No,1.8333333333333333,Full in Spanish website. Posts frequently ( almost daily ) on website and facebook covering local and national content. Website has option to view content on specific regions.,"6112 N. MESA ST, Suite 6500",El Paso,El Paso,TX,79912,2013,*,Marisela Villanueva,TX,Private individual or family,https://www.facebook.com/Caminorealmedia/?profile_tab_item_selected=about&_rdr,https://www.instagram.com/caminorealmedia/,https://www.youtube.com/channel/UC6OXRCne-Y5Cz5CmEUZK4gA,https://x.com/caminorealmedia,,,,,2025,31.831111,-106.5308836,ok
Carlsbad Current-Argus,https://www.currentargus.com,Print,Eddy,Eddy,General,Not Applicable,Semi-Daily (fewer than 7 days a week),1500,1.5,1,English,No,2.4166666666666665,"A local news station that covers city, county, and state news.","400-2 Cascades Ave., Suite 101",Carlsbad,Eddy,NM ,88220,1889,2024,"El Rito Media, LLC",NM,For profit organization,https://www.facebook.com/CarlsbadCurrentArgus/,https://www.instagram.com/currentargus/?hl=en,,https://twitter.com/ccurrentargus,,,,,2025,32.425412,-104.2236236,ok
Carlsbad Local,https://www.carlsbadlocalnews.com/,Print,Carlsbad,Lea,"General,Hispanic,Women,Men,Old People,Arts, Culture, Music",Not Applicable,Weekly,2500,1,0.8,English,No,2.6666666666666665,A weekly print and digtal news station that covers local Carlsbad news.,1707 North Mesa Street,Carlsbad,Eddy,NM,88220,2010,2018,Cavern City Media,NM,For profit organization,https://www.carlsbadlocalnews.com/,,,,,,,,2025,32.4496624,-104.2364335,ok
CATS-TV (Community Access Television of Silver),https://catsilver.org,Television,Grant,Grant,General,Not Applicable,Occasionally or Sporadically,5000,0,0,English,No,1.0416666666666667,"City operated cable access system offers local productions, government proceedings, etc.",213 N Bullard Street,Silver City,Grant,NM,88062,1997,*,Community Access TV for Silver City,NM,Nonprofit organization,https://www.facebook.com/people/CATS-Community-Access-Television-of-Silver/100064333080037/#,,,,,,,,2025,32.7699424,-108.2765853,ok
Cibola Citizen,https://cibolacitizen.com,Digital,Cibola,Cibola,*,*,Weekly,*,*,*,*,*,2.2916666666666665,"The website provides lots of free articles from the print edition that are in-depth and reported with journalistic standards. The topics and sources are representative of the surrouding community. There are weekly updated obituaries on the website, as the paper publishes once a week.The website provides no information about the staff. Most content is original, there are also Grant High School student writers, op-eds, and press releases on the site. There is no comment section. There is link to a Facebook page that has been inactive for about 2 years. ",200 Santa Fe Ave.,Grants,Cibola,NM,87020,2017,*,Brett Wesner,CA,For profit organization,https://www.facebook.com/CibolaCitizen/,,,https://twitter.com/cibolacitizen,,,,,2025,35.149823,-107.848092,ok
City Desk ABQ,https://citydesk.org,Digital,Albuquerque,Bernalillo,General,Not Applicable,Daily,48000,4.5,3,English,No,2,"Albuquerque news and politics produced as part of Citizen Media Group, which in 2025 merged City Desk ABQ and NM Political Report under the NM Reports banner.","317 Commercial St NE, #2",Albuquerque,Bernalillo,NM,87102,2024,*,Citizen Media Group,NM,Nonprofit organization,https://www.facebook.com/citydeskabq/,,,https://twitter.com/citydeskabq,,,,,2025,35.0862725,-106.6461755,ok
Cloudcroft Reader,https://www.Cloudcroftreader.com,Digital,Cloudcroft,Otero,General,Not Applicable,Weekly,4000,1.5,0,English,No,2.3333333333333335,"The Cloudcroft publishes once or twice a week short articles and news relearses on upcoming events. There is little reporting or sourcing, most articles are guides, lists, updates, press releases modified by staff writer, and quick video explainers. The content varies from city council to depoartment of game and fish, wildlife and camping, local events, featuring local business owners, etc... Engament is strong as there are pieces encouraging readers to enage and explaining why and an explanation on the website on why the staff is passionate about providing local news to the community. The staff is four people and all content is original. ",20 Curlew Place,Cloudcroft ,Otero,NM,88317,2023,*,Sacramento Mountain News LLC,NM,Private individual or family,,https://www.instagram.com/cloudcroftreader/,,,,,,Substack https://www.cloudcroftreader.com/,2025,32.9583425,-105.7441702,ok
Corrales Comment,https://corralescomment.com,Print,Corrales,Sandoval,General,Not Applicable,Bi-Weekly (every other week),2500,1,1,English,No,2,Print coverage by small staff focused on Corrales community. ,"4101 CORRALES RD, #1810",Corrales,Sandoval,NM ,87048,1982,2021,Ctrl+P Publishing,NM,For profit organization,https://www.facebook.com/corralescomment/,https://www.instagram.com/corralescomment/,,https://x.com/corralesnews,,,,,2025,35.2211811,-106.619106,ok
CrimsonWire,https://crimsonwire.org/,Digital,Doña Ana,Dona Ana,General,Not Applicable,Semi-Daily (fewer than 7 days a week),*,4,1.5,English,Yes - Spanish,2.3333333333333335,"Digital and multiplatform, original reporting by student journalists at NMSU. Campus and area focused. Includes broadcasts carried by NMSU licensed KRWG Public Media. MENTION REPLACES KOKOPELLI starting in 2024.",2915 McFie Circle,Las Cruces,Dona Ana ,NM,88003,2024,*,New Mexico State University Department of Journalism and Media Studies,NM,Nonprofit organization,https://www.facebook.com/CrimsonWireNMSU/,https://www.instagram.com/crimsonwirenmsu/,,,,,,,2025,32.2824918,-106.7499297,ok
Daily Lobo,https://www.dailylobo.com,Digital,Albuquerque,Bernalillo,"General,Young People,Other (UNM Community)",*,Semi-Daily (fewer than 7 days a week),*,0,5,English,No,2.8333333333333335,"The University of New Mexico's independent student outlet covering university, city and state news.",1155 University Blvd. SE,Albuquerque,Bernalillo,NM,87106,1895,*,UNM Student Publications,NM,Nonprofit organization,https://www.facebook.com/DailyLobo/,,https://www.youtube.com/user/dailylobo,https://x.com/dailylobo,,,,,2025,35.0696042,-106.6309954,ok
De Baca County News,https://debacacountynews.com,Print,De Baca,De Baca,*,*,Weekly,1365,1,0,English,*,1,"Print product focused on De Baca County, covers government, schools, industry, sports, and weather. Also publishes livestock report.",181 E. Sumner Ave.,Fort Sumner,De Baca,NM,88119,1900,1992,Marshall Scot Stinnett ,NM,Private individual or family,https://www.facebook.com/debacanews/?ref=embed_page#,,,,,,,,2025,34.471049,-104.2435506,ok
Deming Headlight,https://www.demingheadlight.com/,Print,Luna,Luna,"General,Hispanic,Farm or Agricultural,Sports, Athletics",Not Applicable,Semi-Daily (fewer than 7 days a week),3000,2,0,English,No,1.5,Newspaper serving Deming with small staff but regular publication and online presence.,122 S Silver Ave,Deming,Luna,NM,88030,1881,2022,Silver City Independent Publishing Co LLC,NM,Private individual or family,https://www.facebook.com/demingheadlight/,https://www.instagram.com/explore/locations/74502500/the-deming-headlight/?hl=en#,,http://www.twitter.com/demingheadlight,,,,,2025,32.2685019,-107.7575154,ok
Desert Exposure,https://www.desertexposure.com,Print,"Doña Ana, Grant, Luna, Otero, Sierra","Dona Ana, Grant, Luna, Otero, Sierra",General,Not Applicable,Monthly,30000,1,0.3,English,No,1.7083333333333333,"Prints monthly and digitally more frequently, content relates to Southern New Mexico ",506 S. Main Suite 250,Las Cruces,Dona Ana ,NM,88001,1996,2018,Osteen Media Group,FL,Private individual or family,https://www.facebook.com/DesertExposure/?ref=embed_page#,,,https://twitter.com/desertexposure,,,,,2025,32.392903,-106.697741,ok
Desert Sage,https://desertsagenm.substack.com/,Digital,Dona Ana ,Dona Ana ,*,*,Occasionally or Sporadically,*,1,0,English,*,1.6666666666666667,"Desert Sage is a news and comment blog by reporter Algernon D'Ammassa, based in Southern New Mexico.",201 W. Spruce St.,Deming,Luna,NM,88031,2024,*,Algernon D'Ammassa,NM,Private individual or family,,,,,,,,,2023,32.2675981,-107.7602289,ok
Downtown Albuquerque News,https://downtownalbuquerquenews.com,Digital,Albuquerque,Albuquerque,Other (Please explain),Not Applicable,Semi-Daily (fewer than 7 days a week),1500,1.5,0.5,English,No,2.1666666666666665,Hyperlocal daily newsletter and site with original coverage of the city center.  ,824 Iron Ave SW,Albuquerque,Bernalillo,NM,87102,2019,*,Peter Rice,NM,For profit organization,https://www.facebook.com/downtownalbuquerquenews/,https://www.instagram.com/downtownalbuquerquenews/?hl=en,,,,,,,2025,35.0802164,-106.6576539,ok
Eastern New Mexico News,https://www.easternnewmexiconews.com,Print,"Curry, De Baca, Roosevelt","Curry, De Baca, Roosevelt",General,Not Applicable,Semi-Daily (fewer than 7 days a week),*,2.51,1,English,No,2.0833333333333335,"Print and digital serving Clovis, Portales, Tucumcari and the surrounding communities by supplying local and wide-ranging coverage. ",521 Pile St.,Clovis,Curry,NM ,88102,1907,2012,Stevenson Newspaper Group,WY ,Private individual or family,https://www.facebook.com/@theeasternnewmexiconews/,,,,,,,,2025,34.4031499,-103.2039202,ok
Edible New Mexico,https://www.ediblenm.com/,Print,Statewide,"Bernallilo, Catron, Chaves, Cibola, Colfax, Curry, De Baca, Dona Ana, Eddy, Grant, Guadalupe, Harding, Hidalgo, Lea, Lincoln, Los Alamos, Luna, McKinley, Mora, Otero, Quay, Rio Arriba, Roosevelt, Sandoval, San Juan, San Miguel, Santa Fe, Sierra, Socorro, Taos, Torrance, Union, Valencia",General,"Navajo Nation,Isleta Pueblo,Jemez Pueblo,Nambe Pueblo,Ohkay Owingeh Pueblo,Santa Ana Pueblo,Santa Clara Pueblo,Taos Pueblo,Tesuque Pueblo,Zia Pueblo,Zuni Pueblo",Quarterly,56000,1.5,9.6,English,No,1.5,"Free print magazine and digital coverage of restaurants, food and the ""foodshed,"" with some enterprise reporting.",3301-R Coors Blvd. NW #152,Albuquerque,Bernalillo,NM ,87120,2006,2012,"Bite Size Media, LLC",NM,For profit organization,https://www.facebook.com/ediblenewmexico,https://www.instagram.com/ediblenewmexico/#,https://www.youtube.com/channel/UC-vyS4BEUWFxX53c2lqVE1Q,,,,,Pinterest: https://www.pinterest.com/ediblenewmexico/,2025,35.109258,-106.69804,ok
El Defensor Chieftain,https://www.dchieftain.com,Print,"Catron, Sierra, Socorro, Valencia","Catron, Sierra, Socorro, Valencia",General,Other (Alamo Najavo),Weekly,6000,2.5,0,English,No,2.0833333333333335,Small print outlet serving as paper of record for the Socorro area.,200 Winkler Street,Socorro,Socorro,NM,87801,1868,2005,Number 9 Media,NM,Private individual or family,https://www.facebook.com/eldefensorchieftain,https://www.instagram.com/edchieftain/,,https://twitter.com/EDChieftain,,,,,2025,34.101455,-106.896416,ok
El Paso Matters,https://www.elpasomatters.org,Digital,Doña Ana,Dona Ana,"General,Hispanic",Not Applicable,More than once a day,95000,10,0,English,Yes - Other (Some of our election coverage is in Spanish.),3,"Great coverage of a vast area. Seems to have a large staff capable of doing so. Local events, national highlights, hard news, culture, they cover everything. Also very active on socials.","500 W. Overland, Suite 200",El Paso,El Paso,TX,79901,2019,*,El Paso Matters Inc.,TX,Nonprofit organization,https://www.facebook.com/elpasomatters,https://www.instagram.com/elpasomatters/,,https://x.com/elpasomatters,https://www.tiktok.com/@elpasomatters,,,Reddit: https://www.reddit.com/user/elpasomatters/,2025,31.7554856,-106.4931547,ok
Gallup Independent,https://gallupindependent.com/,Print,McKinley,McKinley,*,*,Daily,12282,3,0,English,*,2.1666666666666665,Gallup Independent has consistent coverage of current events in McKinley county with variety and depth. This outlet doesn't seem to have much accessibility outisde of print with a Facebook and Website that offers limited access to nonsubscribers.,500 N. Ninth Street,Gallup,McKinley,NM,87301,*,*,Gallup Independent Newspapers Inc,NM,For profit organization,https://www.facebook.com/GallupIndependent,,,https://x.com/gallupind,,,,,2023,35.520679,-108.748954,ok
Gallup Journey - The Free Community Magazine,https://gallupjourney.com,Print,McKinley,McKinley,*,*,Monthly,*,*,*,*,*,1.75,"The Gallup Journey is a family owned, free magazine publishing monthly covering lighter local news in the Gallup area.",105 S. 3rd Street,Gallup,McKinley,NM,87301,2004,*,*,NM,Private individual or family,https://www.facebook.com/GallupJourney/,,,https://x.com/glpjourney,,,,,2025,35.5274638,-108.7442354,ok
"Gallup Sun Publishing, LLC",https://gallupsunweekly.com,Print,"Cibola, McKinley, San Juan, Navajo Nation, Zuni Pueblo","Cibola, McKinley, San Juan, Navajo Nation, Zuni Pueblo","General,Hispanic,Indigenous,African-American,Asian-American,Other Ethnic Community,Low Income,Women,Men,LGBTQ+,Farm or Agricultural,Disabled,Religious,Immigrant,Veterans,Young People,Old People,Profession or Trade,Hunting, Fishing, Outdoor Recreation,Sports, Athletics,Environment, Nature,Arts, Culture, Music","Navajo Nation,Ramah Navajo,Zuni Pueblo",Weekly,40000,5,1.5,English,No,1.8333333333333333,"While many articles on the Gallup Sun website are republished releases, about 1/3 of the articles are original, and provide notable depth.",1983 State Road 602,Gallup,McKinley,NM,87301,2015,*,Babette Herrmann,NM,For profit organization,https://www.facebook.com/Gallupsun/,,,https://x.com/gallupsun,,,,,2025,35.426867,-108.738252,ok
"Global One Media (KSMX-FM, KRMQ-FM, KSEL-FM, KSEL-AM)",https://yournewsnm.com                          https://linktr.ee/Laurek01?fbclid=PAZXh0bgNhZW0CMTEAAabAOv4RQ5SkbDZLaaQxo2wVk3mRUPRuZFUinqIkddm4HxTOpYlwD8x1nmY_aem_l87A5-g-v_WprL2pbEx14A,Digital,"Curry, De Baca, Roosevelt","Curry, De Baca, Roosevelt","General,Hispanic,Low Income,Farm or Agricultural,Immigrant,Veterans",Not Applicable,Daily,25000,0.7,0.05,English,No,1.4166666666666667,Commercial station group serving Eastern New Mexico. Music based formats but includes a local news component.,420 N Main St,Clovis,Curry,NM,88101,"1988, 1995, 2004",2022,"Global One Media, Inc ",NV,For profit organization,https://www.facebook.com/YourNewsNM/?ref=embed_page,https://www.instagram.com/yournewsnm/,,https://x.com/yournewsnm,,,,,2025,34.4021164,-103.2054462,ok
Grant County Beat,https://www.grantcountybeat.com,Digital,"Catron, Grant, Hidalgo, Luna","Catron, Grant, Hidalgo, Luna",General,Not Applicable,More than once a day,90000,1,1.75,English,"Yes - Other (sometimes, news releases come in English and Spanish, thus we do post occasionally in Spanish)",2.5833333333333335,"The Grant County Beat is a free online newspaper. Articles are published at least once a day, sometimes up to four times a day. They are in-depth articles with original reporting. Topics cover a wide range from wildlife, to lawsuits, community events, the stateegislature, and city council/ union/ board meetings. The website also provides obituaries, news releases, government links, and editorials. The staff is comprised of about four people. There is an about page that provides the goals of the newspaper and the owners biography. There are bylines and photo captions. There is no comment section and a link to a mostly inactive facebook. Readers are encouraged to email the owner. ",500 N. Hudson St.,Silver City,Grant,NM,88062,2010,*,MAry Alice Murphy,NM,Private individual or family,https://www.facebook.com/GrantCountyBeat/#,,,,,,,,2025,32.7715929,-108.274166,ok
Green Fire Times,https://www.greenfiretimes.com,Print,"Bernalillo, McKinley, Mora, Rio Arriba, San Juan, Sandoval, Santa Fe, Taos","Bernalillo, McKinley, Mora, Rio Arriba, San Juan, Sandoval, Santa Fe, Taos","Hispanic,Indigenous,Women,Men,Farm or Agricultural,Young People,Environment, Nature,Arts, Culture, Music,Other (Print copies are picked up by a diverse readership including residents and visitors.)","Navajo Nation,Acoma Pueblo,Cochiti Pueblo,Isleta Pueblo,Jemez Pueblo,Jicarilla Apache Nation,Laguna Pueblo,Mescalero Apache Tribe,Nambe Pueblo,Ohkay Owingeh Pueblo,Picuris Pueblo,Pojoaque Pueblo,Sandia Pueblo,San Felipe Pueblo,San Ildefonso Pueblo,Santa Ana Pueblo,Santa Clara Pueblo,Santo Domingo Pueblo (Kewa),Taos Pueblo,Tesuque Pueblo,Zia Pueblo,Zuni Pueblo",Monthly,20000,2,24,English,Yes - Other (Spanish translation of certain articles are occasionally published.),2.0833333333333335,Bimonthly magazine and website provides covers broad spectrum of issues and events through an environmental lens. ,"120 S. Federal  Plaza., Suite 101",Santa Fe,Santa Fe,NM,87504,2009,2018,"Green Earth Publishing / Southwest Learning Centers, Inc.",NM,Nonprofit organization,https://www.facebook.com/GreenFireSocial/,,,https://x.com/greenfiretimes,,,,,2025,35.690507,-105.937979,ok
Guadalupe County Communicator,https://www.route66news.com/tag/guadalupe-county-communicator/,Print,Guadalupe,Guadalupe,*,*,Weekly,2000,*,*,English,*,1.5833333333333333,Printed newspaper serving the Guadalupe County area.,241 S 4th St,Santa Rosa,Guadalupe,NM,88435,*,*,Tom McDonald,NM,Private individual or family,,,,,,,,,2023,34.9405682,-104.6861287,ok
haussamen.com,https://haussamen.com/,Digital,Statewide,"Bernallilo, Catron, Chaves, Cibola, Colfax, Curry, De Baca, Dona Ana, Eddy, Grant, Guadalupe, Harding, Hidalgo, Lea, Lincoln, Los Alamos, Luna, McKinley, Mora, Otero, Quay, Rio Arriba, Roosevelt, Sandoval, San Juan, San Miguel, Santa Fe, Sierra, Socorro, Taos, Torrance, Union, Valencia","General,Hispanic,Indigenous,Immigrant,Homeless,Young People,Hunting, Fishing, Outdoor Recreation,Environment, Nature",Other (Any and all as applicable on a topic - most recently Santa Ana and Nambe pueblos),Semi-Daily (fewer than 7 days a week),*,1,0,English,No,2.1666666666666665,"A news and comment blog and newsletter by Heath Haussamen, journalist based in Southern NM. Focus on politics and policy, mostly statewide. ",201 E. Las Cruces  Ave.,Las Cruces,Dona Ana,NM,88004,2025,*,"Haussamen, LLC",NM,Private individual or family,,,,,,,,,2025,32.3121834,-106.7777426,ok
Hidalgo County Herald,https://hidalgoherald.com,Print,Hidalgo,Hidalgo,General,Not Applicable,Weekly,2500,1,5,English,No,1.75,"Weekly newspaper with limited digital access, covers Lordsburg area with original reporting. ",212 E Motel Dr Ste B,Lordsburg,Hidalgo,NM ,88045,1999,NA,Brenda Hood,NM,For profit organization,https://www.facebook.com/hidalgocountyherald,,,,,,,,2025,32.3497548,-108.7074692,ok
Hobbs News-Sun,https://www.hobbsnews.com,Print,Lea,Lea,General,Not Applicable,Daily,30000,7,1,English,Yes - Other (Monthly Spanish ... Noticias Del Sol),2.5,"Daily newspaper with digital presence, covers Hobbs and Lea County. ",201 N. Thorp,Hobbs,Lea,NM,88240,1932,2022,Sunrise Publishing,NM,For profit organization,https://www.facebook.com/hobbsnewssun,,https://www.youtube.com/channel/UCfW8lClCfjT6o64yyhRy8pw,https://twitter.com/HobbsNewsSun,,,,,2025,32.702008,-103.140029,ok
HoundBytes (ENMU),https://www.enmuhoundbytes.com/,Digital,Roosevelt,Roosevelt,*,*,Occasionally or Sporadically,*,*,*,*,*,1.6666666666666667,"ENMU student media, digital magazine. Posts are weekly and are usually 3 to 6 minute reads, multiple topics, links to area events.","1500 S. Ave. K, Station 27",Portales,Roosevelt,NM,88130,*,*,ENMU,NM,Nonprofit organization,https://www.facebook.com/ENMUHoundBytes#,,,https://x.com/BytesEnmu,,,,,2023,34.174836,-103.346829,ok
Isleta Pueblo News,https://www.isletapueblo.com/newsletters/,Digital,Isleta Pueblo,Isleta Pueblo,*,*,Monthly,*,*,*,English,*,0.625,The Isleta Pueblo government's official monthly newsletter; not independent journalism but definitely addressing the civic information needs of an under-covered community.,117 Tribal Road 40,Isleta,Bernalillo,NM,87022,*,*,Pueblo of Isleta,NM,Other (Tribe),https://www.facebook.com/PuebloOfIsleta/,,,,,,,,2023,34.9059449,-106.6968225,ok
Jal Record,https://jalrecord.net/,Print,Lea,Lea,*,*,Weekly,1501,*,*,*,*,2.0833333333333335,A weekly paper that covers local news  for Jal with a focus on schools. ,101 E Panther Ave.,Jal,Lea,NM,88252,*,*,Cheryl Chance,NM,Private individual or family,https://www.facebook.com/JalRecordNewspaper/,,,,,,,,2023,32.110823,-103.192634,ok
K-FOX El Paso,https://kfoxtv.com/,Television,Doña Ana,Dona Ana,*,*,Daily,*,*,*,*,*,2.2083333333333335,El Paso TV station with sizeable newsroom that includes regular coverage of Dona Aña County and Southern New Mexico.,200 S. Alto Mesa Dr,El Paso,El Paso,TX,79912,*,*,Sinclair Broadcasting,TX,For profit organization,https://www.facebook.com/KFOXTV/,,https://www.youtube.com/channel/UC73LU2udy27QFNIgurlBvXg,https://x.com/kfox14,,,,,2022,31.833286,-106.5424895,ok
KALH Radio (Also see 2nd Life Media),https://kalhradio.org/,Digital,"Doña Ana, Lincoln, Otero","Dona Ana, Lincoln, Otero","General,LGBTQ+,Veterans,Young People,Old People,Sports, Athletics,Arts, Culture, Music",Mescalero Apache Tribe,More than once a day,30000,2,5,English,No,1.875,See Alamodordo Town News,1209 New York Avenue ,Alamogordo,Otero,NM,88310,2003,2022,Managed by 2nd Life Media ownership by a 501C4 nonprofit Southwestern Cultural Heritage Association ,NM,Nonprofit organization,https://www.facebook.com/kalhradio,,https://www.youtube.com/@KrazyKALHRadio,,,,,,2025,32.9038746,-105.9590696,ok
KAMC-TV Lubbock,https://www.everythinglubbock.com/,Television,Curry,Curry,Lubbock,*,More than once a day,*,*,*,*,*,0.5,"Texas TV station that occasionally covers Curry County, NM (in its outer coverage area)",7403 University Ave.,"Lubbock, TX",Lubbock,TX,79423,*,*,Nextstar Media Grp,TX,For profit organization,https://www.facebook.com/KLBKNews/,https://www.instagram.com/klbknews/,https://www.youtube.com/channel/UCO8ww3uFGhQzgw9fSFi5bSQ,https://x.com/KLBKNews,,,,https://www.pinterest.com/everythinglubbock/,2022,33.5259887,-101.8689226,ok
KAMR-TV/KCIT-TV/KCPN-TV Amarillo,https://www.myhighplains.com/,Television,Amarillo,Amarillo,*,*,Daily,*,*,*,*,*,1.6666666666666667,Amarillo TX broadcaster that partly serves border communities in Eastern New Mexico.,1015 Fillmore Street,Amarillo,Potter,TX,79101,*,*,Nextstar Media Grp,TX,For profit organization,https://www.facebook.com/KAMRLOCAL4NEWS/,https://www.instagram.com/kamrlocal4news/,https://www.youtube.com/channel/UCAbr42lrHfq-QzMKaVnU5mw,https://x.com/KAMRLocal4News,,,,,2022,35.2024014,-101.8351765,ok
KANW-FM 89.1 (Also KNLK),https://kanw.com/ ,Radio,Albuquerque,Bernalillo,*,*,Daily,*,*,*,English,*,1.1666666666666667,"Public radio station in Albuquerque airs NPR programs, posts AP content but has no news staff other than guests for live election night coverage.",2020 Coal Ave. SE,Albuquerque,Bernalillo,NM,87106,1983,NA,ABQ Bd of Education,NM,Nonprofit organization,https://www.facebook.com/profile.php?id=100043148096795#,,,https://x.com/kanwfm,,,,,2022,35.0749514,-106.6251958,ok
KASA 2 Telemundo (Also KTEL-TV),https://www.telemundonuevomexico.com/,Television,Bernalillo,Bernalillo,*,*,Daily,9324,8,*,Spanish,*,2.4166666666666665,An Albuquerque Telemundo station producing local Spanish-language news on a wide scope of events and issues with limited depth but notable digital engagement.,2400 Monroe Street NE,Albuquerque,Bernalillo,NM,87110,*,*,NBC Telemundo License,DC,For profit organization,https://www.facebook.com/TelemundoNM/,https://www.instagram.com/telemundonm,https://www.youtube.com/@TelemundoNM,https://x.com/telemundonm?lang=en,https://www.tiktok.com/@telemundonm,,,,2024,35.105686,-106.59073,ok
KBAC-FM,https://www.santafe.com/kbac,Radio,"Bernalillo, Santa Fe","Bernalillo, Santa Fe",*,*,*,*,*,*,English,*,0.5,"Hutton Broadcasting outlet with active events listings, news is limited","2502 Camino Entrada, Suite C",Santa Fe,Santa Fe,NM,87507,*,*,"Hutton Broadcasting Co, LLC",NM,Private individual or family,https://www.facebook.com/SantaFeCom,https://www.instagram.com/santafedotcom/,https://www.youtube.com/channel/UCHyVLpNXCIcqXOZK6_McLPg,https://x.com/kbacradiofree,,,,,2024,35.6377659,-106.0204007,ok
KCBD-TV,https://www.kcbd.com,Television,Curry,Curry,*,*,More than once a day,*,*,*,*,*,0.5,"Texas TV station that occasionally covers Curry County, NM (in its outer coverage area)",9810 University Ave.,Lubbock,Lubbock,TX,79423,1953,2018,Gray Local Media,GA,For profit organization,https://www.facebook.com/KCBDNewsChannel11/,https://www.instagram.com/kcbd11/,https://www.youtube.com/@kcbd-newschannel11,https://x.com/KCBD11,,,,,2025,33.5041896,-101.8704262,ok
KCCC 930AM ,https://kccc930am.com,Radio,"Chaves, Eddy, Lea","Chaves, Eddy, Lea","General,Hispanic,African-American,Low Income,Women,Men,Farm or Agricultural,Religious,Immigrant,Old People,Profession or Trade,Hunting, Fishing, Outdoor Recreation,Sports, Athletics,Environment, Nature,Arts, Culture, Music",Not Applicable,Semi-Daily (fewer than 7 days a week),20000,1,2.5,English,No,1.5,Local radio with commitment to meeting community information needs with original content and notable depth. Limited digital engagement.,1500 University,Carlsbad,Eddy,NM,88220,1966,2021,Chandler Broadcasting LLC/Jonathan Chandler,NM,Private individual or family,https://www.facebook.com/KCCC930AM/#,,,,,,,https://open.spotify.com/show/7cYk7U8gfcp4qM4OnJUNyN,2025,32.440846,-104.26373,ok
KCHS-AM (Also see Sierra County Sentinel),https://www.gpkmedia.com,Radio,Sierra,Sierra,*,*,Daily,*,*,*,English,*,1.9166666666666667,"Radio outlet is part of GPK media including Sierra Sentinel Newspaper serving Soccoro area with daily news, events, sports, obituaries, etc. ",217 3rd Ave.,Truth or Consequences,Sierra,NM,87901,1946,1965,GPK Media,NM,Private individual or family,https://www.facebook.com/SierraCountySentinel.KCHSRadio/,https://x.com/Sierraco_News,https://www.youtube.com/channel/UC0eojn0l4DaP0_lRiZfZtJQ,https://www.instagram.com/sierra_county_news/?hl=en,,,,,2024,33.6433393,-105.873761,ok
KCLV-AM,https://www.ziaradiogroup.com/,Radio,Curry,Curry,*,*,Daily,*,*,*,English,*,0.75," AM talk radio station in Clovis, NM, covers local issues in recurring segments.",710 Curry Road K,Clovis,Curry,NM,88101,*,*,Zia Radio Group,NM,For profit organization,https://www.facebook.com/99.1KCLV/,,,,,,,,2024,34.368195,-103.214459,ok
KDAZ-AM,https://www.conservativetalkabq.com/,Radio,Albuquerque,Bernalillo,*,*,Daily,*,*,*,English,*,0.8333333333333334,Conservative talk radio station with weekly public affairs program covering local issues.,820 Candelaria Rd NE,Albuquerque,Bernalillo,NM,87107,1971,*,Pan American Broadcasting Co,NM,Private individual or family,https://www.facebook.com/conservativetalkabq/,,,https://twitter.com/AM730,,,,,2023,35.1158156,-106.6317565,ok
KEND-FM,https://www.kendfm.com,Radio,Eddy,Eddy,*,*,*,*,*,*,English,*,1.6666666666666667,Conservative talk radio station with a daily local news presence on-air and online.,317 West Quay Ave.,Artesia,Eddy,NM,88210,*,*,Pecos Valley Broadcasting,NM,For profit organization,https://www.facebook.com/1065RoswellsTalkFM,,,,,,,,2024,32.8410327,-104.4001659,ok
KENN-AM ,https://www.kennradio.com,Radio,San Juan,San Juan,"General,Hispanic,Indigenous,Low Income,Women,Men,Farm or Agricultural,Disabled,Religious,Homeless,Veterans,Hunting, Fishing, Outdoor Recreation,Sports, Athletics,Environment, Nature,Arts, Culture, Music",Navajo Nation,More than once a day,160000,2,0,English,No,0.375,Conservative talk radio serving Four Corners area. Owned by Hutton Broadcasting. ,200 East Broadway,Farmington,San Juan,NM,87401,1953,2023,"Hutton Broadcasting Co, LLC",NM,Private individual or family,https://www.facebook.com/VisitFourCorners,https://www.instagram.com/visitfourcornerscom/,https://www.youtube.com/@VisitFourCornersTV,,,,,,2025,34.5199809,-106.2383882,ok
"KENW-FM-TV Public Media (Also KMTH-FM, KNMJ-FM)",https://www.kenw.org/,Multiplatform,Roosevelt,Roosevelt,General,*,Daily,3930,2,2,English,*,1.6666666666666667,"NPR and PBS stations licensed to ENMU serving Eastern New Mexico with a modicum of local news and public affairs content, including some produced in collaboration with ENMU communications program.",1500 S Ave K,Portales,Roosevelt,NM,88130,*,*,ENMU,NM,Nonprofit organization,https://www.facebook.com//kenw.enmu/,https://www.instagram.com/kenw.enmu/?hl=en%2F,https://www.youtube.com/@KENWPBS,https://x.com/KENWPublicMedia,,,,,2023,34.1781462,-103.3474817,ok
KFDA-TV  Amarillo,https://www.newschannel10.com/,Television,Curry,Curry,*,*,*,*,*,*,*,*,1.6666666666666667,Amarillo TX broadcaster that partly serves border communities in Eastern New Mexico.,7900 Broadway Dr,Amarillo,Potter,TX,79105,*,*,Gray Television,TX,For profit organization,,,,,,,,,2022,35.2908072,-101.8488052,ok
KGAK-AM,https://lemon-ocean-08d7caf10.azurestaticapps.net/,Radio,McKinley,McKinley,Navajo,Navajo,*,*,*,*,Navajo,*,0.7916666666666666,"AM radio station based in Gallup broadcasting in Navajo, including local some news",401 East Coal Ave.,Gallup,McKinley,NM,87301,*,*,"KRJG, INC. ",NM,For profit organization,https://www.facebook.com/AllNavajoAllTheTime/,,,,,,,,2024,35.528774,-108.737727,ok
KGLP-FM,https://kglp.org/,Radio,McKinley,McKinley,*,*,*,*,*,*,English,*,0.8333333333333334,NPR station serving Gallup area with music and news,705 Gurley Ave,Gallup,McKinley,NM,87301,1993,*,GALLUP PUBLIC RADIO ,NM,Nonprofit organization,https://www.facebook.com/KGLPfmGallup/,,,,,,,,2022,35.5021124,-108.7256924,ok
KIVA-AM,https://abq.fm/,Radio,"Bernalillo, Santa Fe","Bernalillo, Santa Fe",*,*,*,*,*,*,English,*,1,Conservative talk radio station with nationally syndicated programs and live local program hosted by the owner. ,2309 Renard Place SE Suite 204,Albuquerque,Bernalillo,NM,87106,*,*,ROCK OF TALK LLC,NM,Private individual or family,https://www.facebook.com/rockoftalkkiva/,,,,,,,,2024,35.0569081,-106.6249188,ok
KKOB (770 AM & 96.3 FM),https://www.newsradiokkob.com,Radio,"Bernalillo, Los Alamos, Sandoval, Santa Fe, Torrance, Valencia","Bernalillo, Los Alamos, Sandoval, Santa Fe, Torrance, Valencia",General,"Other (We cover general news that includes puebos, Zuni and Navajo stories.)",More than once a day,38000,3.5,0,English,No,1.5,Talk radio station with local hosts and daily local news updates.,"500 4th Street NW, 5th Floor",Albuquerque,Bernalillo,NM,87102,1922,2011,Cumulus Media,GA,For profit organization,https://www.facebook.com/KKOBradio,https://www.instagram.com/kkobradio/,,https://twitter.com/kkobradio,,,,,2025,35.0899713,-106.6502214,ok
KLBK-TV Lubbock,https://www.everythinglubbock.com/,Television,Curry,Curry,*,*,*,*,*,*,*,*,0.5,"Texas TV station that occasionally covers Curry County, NM (in its outer coverage area)",7403 South University,"Lubbock, TX",Lubbock,TX,79423,*,*,Nextstar Media Grp,TX,For profit organization,https://www.facebook.com/KLBKNews/,https://www.instagram.com/klbknews/,https://www.youtube.com/channel/UCO8ww3uFGhQzgw9fSFi5bSQ,https://x.com/KLBKNews,,,,Pinterest: https://www.pinterest.com/everythinglubbock/,2022,33.526995,-101.87033,ok
KLMX 1450 AM,https://Klmx.us,Radio,Union,Union,"General,Hispanic,Low Income,Women,Men,Farm or Agricultural,Disabled,Religious,Immigrant,Veterans,Young People,Old People,Profession or Trade,Sports, Athletics,Arts, Culture, Music",Not Applicable,Semi-Daily (fewer than 7 days a week),*,1.5,0,English,No,1.1666666666666667,"Station is locally focused, mostly music, but touts its attention to local information needs.",1 Fairground Rd ,Clayton,Union,NM,88415,1949,2014,Melba McCollum,TX,Private individual or family,https://www.facebook.com/sharer/sharer.php?u=https%3A%2F%2Fwww.klmx.us,,,http://twitter.com/intent/tweet?text=Welcome%20to%20KLMX%20Radio%20-%2097.5%20FM%20THE%20BEAR&url=https%3A%2F%2Fwww.klmx.us,,https://www.linkedin.com/sharing/share-offsite/?url=https%3A%2F%2Fwww.klmx.us,,Reddit: http://reddit.com/submit?url=https%3A%2F%2Fwww.klmx.us&amp;title=Welcome%20to%20KLMX%20Radio%20-%2097.5%20FM%20THE%20BEAR,2025,32.798896,-104.395805,ok
KLUZ TV / Entravision/ Univision,https://noticiasnewmexico.com/,Television,Bernalillo,Bernalillo,*,*,Daily,7913,*,*,Spanish,*,1.7083333333333333,Univision channel that includes a slice of local news in its Spanish-language broadcast.,5411 Jefferon St NE,Albuquerque,Bernalillo,NM,87109,1998,*,Brenda Reyes ,NM,Private individual or family,https://www.facebook.com/UnivisionNuevoMexico/?locale=es_LA,https://www.instagram.com/noticiasnuevomexico/?hl=en,http://www.youtube.com/noticiasya,https://x.com/univisionnm?lang=en,,,,,2025,35.152882,-106.575536,ok
KNDN-AM & FM,"https://icy-tree-02d4dfa10.azurestaticapps.net/, https://lemon-grass-094bc2f10.azurestaticapps.net/",Radio,Farmington,San Juan,Navajo,Navajo,Daily,*,*,*,Navajo,*,1.3333333333333333,Navajo language radio mixing music and spoken word programming,1515 West Main,Farmington,San Juan,NM,87401,1957,*,"BASIN BROADCASTING COMPANY, INC. ",NM,For profit organization,https://www.facebook.com/kndnradiostation/,,https://www.youtube.com/watch?v=bph8Y0xJYEQ,,,,,,2023,36.73167,-108.229433,ok
KOAT-TV7 (Also KOCT-TV,https://www.koat.com ,Television,Albuquerque,Bernalillo,*,*,*,1381011,31,*,English,*,2.0833333333333335,"ABC affiliate's large newsroom powers strong coverage of Albuquerque with strong breaking news, plus app and alerts.",3801 Carlise Blvd NE,Albuquerque,Bernalillo,NM,87107,*,*,Hearst Properties Inc. ,NC,For profit organization,https://www.facebook.com/koat7,,https://www.youtube.com/user/koattv,https://twitter.com/koat7news,,,,,2022,35.168268,-106.612889,ok
KOB-TV (Also KOBF-TV),https://kob.com,Multiplatform,Statewide,"Bernallilo, Catron, Chaves, Cibola, Colfax, Curry, De Baca, Dona Ana, Eddy, Grant, Guadalupe, Harding, Hidalgo, Lea, Lincoln, Los Alamos, Luna, McKinley, Mora, Otero, Quay, Rio Arriba, Roosevelt, Sandoval, San Juan, San Miguel, Santa Fe, Sierra, Socorro, Taos, Torrance, Union, Valencia",*,*,More than once a day,1304288,*,*,*,*,2.25,"NBC affiliate serving most of New Mexico with large newsroom mostly focused on Metro area issues. Coverage is wide reaching, but not particularly in-depth. Strong in breaking news. Provides app and alerts.",4 Broadcast Plz SW,Albuquerque,Bernalillo,NM,87104,1948,*,Hubbard Broadcasting Inc.,MN,Private individual or family,https://www.facebook.com/KOBTV,https://www.instagram.com/kobtv4/,https://www.youtube.com/user/kobtv4,https://twitter.com/KOB4,,,,,2025,35.0814625,-106.6656734,ok
"KRQE-TV13 (Also KASY-TV, KREZ-TV, KBIM-TV, KWBQ-TV)",https://www.krqe.com/,Television,Albuquerque,Bernalillo,*,*,Daily,1937366,40,*,English,*,2.341666666666667,"CBS affiliate broadcasts to the state from Albuquerque with strong breaking news, plus app and alerts.",13 Broadcast Pl SW,Albuquerque,Bernalillo,NM,87104,*,*,Nextstar Media Grp,TX,For profit organization,https://www.facebook.com/krqenews,https://www.instagram.com/krqe/,https://www.youtube.com/user/KRQE,https://twitter.com/krqe,,,,,2022,35.0820751,-106.6653673,ok
KRSY-AM,https://www.alamosportsandtalk.com/,Radio,Otero,Otero,*,*,*,*,*,*,English,*,1.75,Local talk station featuring local hosts and attention to local issues and events.,119 North Canyon Rd,Alamogordo,Otero,NM,88310,*,*,Exciter Media LLC,NM,Private individual or family,https://www.facebook.com/AlamoSportsKRSY/,http://instagram.com/alamo_sports,,https://twitter.com/AlamoSportsTalk,,,,,2024,32.892674,-105.945449,ok
KRTN-AM & FM,https://krtnradio.com/,Radio,Raton,Colfax,*,*,*,*,*,*,English,*,1.9166666666666667,Small Raton radio station with active website and outsized commitment to local news and events.,1128 State St,Raton,Colfax,NM,87740,*,*,Enchanted Air ,NM,For profit organization,https://www.facebook.com/KRTNEnchantedAirRadio?ref=hl,,https://www.youtube.com/channel/UCO3Nms0GxXwE_ko5ykbWyKg?view_as=subscriber,,,,,,2023,36.8859991,-104.4426486,ok
KRUI-AM,https://www.1490krui.com,Radio,Lincoln,Lincoln,*,*,*,*,*,*,English,*,1.8333333333333333,Small Ruidoso radio station with outsized commitment to local news and events. ,313 Cree Meadows Dr,Ruidoso,Lincoln,NM,88345,*,*,Village of Ruidoso,NM,Nonprofit organization,,,,,,,,,2024,33.3494954,-105.6618473,ok
KRWG-FM-TV Public Media,https://www.krwg.org,Multiplatform,"Doña Ana, Grant, Hidalgo, Luna, Otero, Sierra","Dona Ana, Grant, Hidalgo, Luna, Otero, Sierra","General,Hispanic,Indigenous,Low Income,Women,Men,LGBTQ+,Farm or Agricultural,Disabled,Religious,Immigrant,Homeless,Veterans,Prisoners,Young People,Old People,Profession or Trade,Hunting, Fishing, Outdoor Recreation,Environment, Nature,Arts, Culture, Music",Mescalero Apache Tribe,Semi-Daily (fewer than 7 days a week),44193,4,1,English,No,2.5416666666666665,KRWG -- the NPR and PBS station serving Southern New Mexico uses a multiplatform strategy to bring local news and analysis to its audiences. Professionals collaborate with student producers and engage with diverse community members to present a wide array of content attentive to local needs.  ,2915 McFie Circle,Las Cruces,Doña Ana ,NM,88003,1964,*,KRWG Public Media is licensed to the Board of Regents of New Mexico State University.,NM,Nonprofit organization,https://www.facebook.com/krwg.publicmedia,https://www.instagram.com/krwg.publicmedia/,https://www.youtube.com/@krwg.publicmedia,http://twitter.com/krwg,,,,,2025,32.2824918,-106.7499297,ok
KSFR-FM,https://www.ksfr.org,Radio,"Bernalillo, Los Alamos, Rio Arriba, San Miguel, Sandoval, Santa Fe, Taos,T orrance","Bernalillo, Los Alamos, Rio Arriba, San Miguel, Sandoval, Santa Fe, Taos,Torrance",General,"Jemez Pueblo,Nambe Pueblo,Ohkay Owingeh Pueblo,Picuris Pueblo,Pojoaque Pueblo,Sandia Pueblo,San Felipe Pueblo,San Ildefonso Pueblo,Santa Ana Pueblo,Santa Clara Pueblo,Santo Domingo Pueblo (Kewa),Taos Pueblo,Tesuque Pueblo,Zia Pueblo",More than once a day,*,1,1,English,No,1.8333333333333333,Community non-commercial radio station serving Santa Fe area with music and news. Notable commitment to local coverage and content. ,6401 S. Richards Ave.,Santa Fe,Santa Fe,NM,87120,1984,*,Santa Fe Community College,NM,Nonprofit organization,https://www.facebook.com/KSFRFM/,https://www.instagram.com/ksfrfm/,https://www.youtube.com/channel/UCobGUDnx-2S0DTzwz0EXDZA,https://twitter.com/ksfrnews,,,,,2025,35.032437,-106.749402,ok
KSJE-FM,https://www.KSJE.com,Multiplatform,San Juan,San Juan,"General,Hispanic,Indigenous,Low Income,Women,Men,Hunting, Fishing, Outdoor Recreation,Arts, Culture, Music","Navajo Nation,Jicarilla Apache Nation,Other (Ute Mountain & Southern Ute in Colorado)",Daily,4000,0.5,0,English,No,1.75,Public radio in Farmington providing a mixed format including state and local news.,4601 College Blvd.,Farmington,San Juan,NM,87402,1990,*,San Juan College,NM,Nonprofit organization,https://www.facebook.com/ksje90.9/?ref=embed_page,https://www.instagram.com/ksje90.9fm/?locale=zh-hans,https://www.youtube.com/c/KSJEFM,http://twitter.com/ksje,,https://www.linkedin.com/company/ksje-radio/about/,,,2025,36.7704193,-108.1716495,ok
KSNM-FM,https://theclassicrockstation.com/,Radio,Doña Ana,Dona Ana,*,*,Daily,*,*,*,English,*,1.25,"Commercial radio group providing music formats to Southern NM, providing a modicum of local and regional news",1355 California Ave,Las Cruces,Dona Ana,NM,88001,*,*,Adams Radio Group,NM,For profit organization,https://www.facebook.com/classicrock987/,https://www.instagram.com/classicrock987/?hl=en,,https://twitter.com/ClassicRockLC,,,,,2023,32.3007573,-106.7621264,ok
KSVP-AM,https://ksvpradio.com,Radio,Artesia,Artesia,*,*,Daily,*,1,0,English,*,1.0416666666666667,"A conservative talk radio station that covers local news for Artesia including on air interviews, video coverage, and more. ",317 W. Quay Ave,Artesia,Eddy,NM,88210,*,*,Pecos Valley Broadcasting,NM,For profit organization,https://www.facebook.com/ksvpradio,https://www.instagram.com/KSVP_Pics?fbclid=IwY2xjawITDe9leHRuA2FlbQIxMAABHdg7CDNiNjGfcE0G98Naznsnn7SN9eMD5eSESMf-WIHCg2ipgBB54-FlcQ_aem_0ns-MS60NSSDO3eEKVIpBQ,https://www.youtube.com/channel/UCacO_Bdaabw9hepALd1FNQA,https://x.com/990_radio,,,,KSVP has a mobile app on ios and android,2023,32.8410327,-104.4001659,ok
KTAL - Las Cruces Community Radio,https://www.lccommunityradio.org,Radio,Doña Ana,Dona Ana,"General,Hispanic,Farm or Agricultural,Hunting, Fishing, Outdoor Recreation,Environment, Nature,Arts, Culture, Music,Other (wide variety of local nonprofit service organizations, and the NMSU community)","Navajo Nation,Mescalero Apache Tribe,Other (Manso-Tiwa-Piro)",Weekly,6000,0,5,English,"Yes - Spanish,Yes - Other (some spanish PSAs, daily live spanish language news from California, and similar material)",1.75,Low power FM community station serving Las Cruces with original content including local news and public affairs.,121 Wyatt Drive #9,Las Cruces,Dona Ana,NM,88005,2015,2020,Las Cruces Community Radio- this is a 501-c3 corporation.,NM,Nonprofit organization,https://www.facebook.com/ktallp,https://www.instagram.com/ktallp/,,,,,,https://spinitron.com/KTAL/,2025,32.2993221,-106.777564,ok
KTAO-FM,https://www.ktao.com,Radio,Taos,Taos,*,*,*,*,2,0,English,*,1.9166666666666667,"Locally focused commerical station with a home-grown format and original local programming, including news and other spoken word content.",9 State Road 150,Taos,Taos,NM,87529,*,*,Taos Communications Corp.,NM,For profit organization,https://www.facebook.com/KTAOS101.9FM,https://www.instagram.com/ktaossolarradio/,,http://twitter.com/ktaos,,,,,2023,36.53517,-105.659269,ok
KTDB-FM 89.7, https://www.rnsb.k12.nm.us/ktdb,Radio,Ramah,Ramah,Other (native community),Navajo Nation,Daily,*,0,0,Navajo,Yes - Navajo,1.3333333333333333,"Native owned and operated public radio station, Navajo, NPR, with news emphasis.",125 Campus Dr.,Pine Hill,Cibola,NM,87357,1972,NA,"Ramah Navajo School Board, Inc.",NM,Nonprofit organization,https://www.facebook.com/SouthernNavajoNews,,,,,,,,2025,35.5774942,-108.0080601,ok
KTRC-AM1260,https://santafe.com/ktrc,Radio,Santa Fe,Santa Fe,*,*,*,*,*,*,English,*,1.5,"Commercial talk radio station based in Santa Fe, syndicated hosts plus local, with a news emphasis.",2505 Camino Entrada Suite C,Santa Fe,Santa Fe,NM,87507,*,*,"Hutton Broadcasting Co, LLC",NM,Private individual or family,https://www.facebook.com/Talk1260KTRC/?ref=embed_page,https://www.instagram.com/santafedotcom/,https://www.youtube.com/channel/UCHyVLpNXCIcqXOZK6_McLPg,,,,,,2022,35.6384305,-106.0190488,ok
Kukadze’eta Towncrier,https://www.bizapedia.com/nm/kukadzeeta-towncrier-community-newspaper.html,Print,"Acoma Pueblo, Laguna Pueblo","Acoma Pueblo, Laguna Pueblo","General,Hispanic,Indigenous,Other Ethnic Community,Women,Men,Religious,Veterans,Young People,Old People,Hunting, Fishing, Outdoor Recreation,Sports, Athletics,Arts, Culture, Music","Acoma Pueblo,Laguna Pueblo",Monthly,2500,1,3,English,No,1,Lagune Pueblo print news product affirmed service by recent survey.,6 Rio San Jose Rd,Laguna ,Cibola,NM,87026,1990,*,"Ramona D.and  Antonette 
They are the only Board members left ",NM,Other (Tribe),,,,,,,,,2025,35.03769,-107.382062,ok
KUNM 89.9 FM (Also KRAR-FM),https://www.kunm.org,Radio,"Bernalillo, Cibola, Colfax, Guadalupe, Harding, Los Alamos, McKinley, Mora, Rio Arriba, San Juan, San Miguel, Sandoval, Santa Fe, Sierra, Socorro, Taos, Torrance, Valencia","Bernalillo, Cibola, Colfax, Guadalupe, Harding, Los Alamos, McKinley, Mora, Rio Arriba, San Juan, San Miguel, Sandoval, Santa Fe, Sierra, Socorro, Taos, Torrance, Valencia","General,Hispanic,Indigenous,Low Income,Women,LGBTQ+,Immigrant,Homeless,Young People,Environment, Nature,Arts, Culture, Music","Navajo Nation,Acoma Pueblo,Cochiti Pueblo,Isleta Pueblo,Jemez Pueblo,Laguna Pueblo,Mescalero Apache Tribe,Nambe Pueblo,Ohkay Owingeh Pueblo,Picuris Pueblo,Pojoaque Pueblo,Sandia Pueblo,San Felipe Pueblo,San Ildefonso Pueblo,Santa Ana Pueblo,Santa Clara Pueblo,Santo Domingo Pueblo (Kewa),Taos Pueblo,Tesuque Pueblo,Zia Pueblo,Zuni Pueblo",More than once a day,150000,8,0,English,No,2.5,"NPR station licensed to UNM, serving large region of Northern New Mexico. Includes local newsroom focused on issues and depth coverage. Active engagement on social media, two-way on-air call-in program.",303 Girard Blvd. NE,Albuquerque,Bernalillo,NM,87106,1966,*,The University of New Mexico holds our broadcast license,NM,Nonprofit organization,https://www.facebook.com/KUNMRadio/,https://www.instagram.com/KUNMradio/,https://www.youtube.com/@KUNMradio/videos,https://x.com/kunmnews,https://www.tiktok.com/@kunmnews,https://www.linkedin.com/company/kunm-fm-and-kunm.org/,,,2025,35.0844715,-106.6136884,ok
KUPR-FM 99.9,https://www.kupr.org,Radio,Sandoval,Sandoval,*,*,*,*,*,12,*,*,0.4166666666666667,Low power FM community station serving Placitas with original content including some public affairs.,652 State Highway 165,Placitas,Sandoval,NM,87043,2015,*,LAS PLACITAS ASSOCIATION,NM,Nonprofit organization,https://www.facebook.com/KUPRplacitas,,,,,,,,2022,35.309749,-106.424786,ok
KURU-FM,https://gmcr.org,Radio,Grant,Grant,*,*,*,*,*,*,*,*,0.75,"Volunteer driven community FM station serving Silver City with music and talk, some original content related to public affairs and community matters.",519 B North Bullard St,Silver City,Grant,NM,88061,*,*,Gila Mimbres Community Radio,NM,Nonprofit organization,https://www.facebook.com/GilaMimbresCommunityRadio,https://www.instagram.com/kuru89.1/,,,,,,,2023,32.7721298,-108.2761663,ok
KVIA-TV,https://kvia.com,Television,"Doña Ana, Lincoln, Luna, Otero","Dona Ana, Lincoln, Luna, Otero",General,Not Applicable,More than once a day,*,50.5,1,English,No,2.3333333333333335,"ABC affliliate in El Paso, Texas provides some daily coverage of events in Southern New Mexico.",4140 Rio Bravo,El Paso,El Paso ,TX,79902,1956,1996,News-Press & Gazette,MO,Private individual or family,,,,,,,,,2025,31.7939545,-106.5139026,ok
KVII-TV Amarillo,https://abc7amarillo.com/,Television,Amarillo,Amarillo,*,*,*,*,*,*,*,*,1.6666666666666667,Amarillo TX broadcaster that partly serves border communities in Eastern New Mexico.,1 Broadcast Center,Amarillo,Potter,TX,79101,*,*,Sinclair Broadcasting,TX,For profit organization,https://www.facebook.com/ABC7Amarillo/,,https://www.youtube.com/pronews7,https://x.com/abc7amarillo,,,,,2022,35.214103,-101.866345,ok
Las Cruces Bulletin,https://www.lascrucesbulletin.com,Print,Las Cruces,Las Cruces,General,Mescalero Apache Tribe,Weekly,*,4,3,English,No,2.125,Weekly newspaper serving Las Cruces with local coverage of issues and events.,506 S. Main Street,Las Cruces,Dona Ana,NM ,88001,1969,2021,Osteen Media Group,FL,Private individual or family,https://www.facebook.com/lcbulletin?fref=nf&ref=embed_page,https://www.instagram.com/lascrucesbulletin/,,https://x.com/LCBulletin/?mx=2,,https://www.linkedin.com/company/las-cruces-bulletin ,,https://linktr.ee/lascrucesbulletin?fbclid=PAZXh0bgNhZW0CMTEAAaY9k-duOhsCdqJc-kiNoBAPRBoLXSPObeoN8JaQ7krFfGNPgJmTzN5i4iI_aem_PFbQjOR2guiNJ54JkLB6DA                    (linktree that updates),2025,32.3052744,-106.7786166,ok
Las Cruces Sun-News,https://lcsun-news.com,Digital,Las Cruces,Las Cruces,"Hispanic,Indigenous,Low Income,LGBTQ+,Religious,Sports, Athletics","Jicarilla Apache Nation,Mescalero Apache Tribe",Daily,10000,6,3,English,No,1.7916666666666667,Daily newspaper serving Las Cruces area with print and online presence. Part of the USA Today network.,256 W. Las Cruces Ave.,Las Cruces,Dona Ana,NM,88001,1881,2015,Gannet; USA TODAY NETWORK,TX,For profit organization,https://www.facebook.com/LCSUNNEWS,https://www.instagram.com/crucessunnews/?hl=en,https://www.youtube.com/user/CrucesSunNews,https://x.com/CrucesSunNews,,,,,2025,32.3109838,-106.7814627,ok
Las Vegas Optic,https://lasvegasoptic.com,Print,San Miguel,San Miguel,*,*,Weekly,6049,2,*,English,*,1.5,"Small newspaper serving Las Vegas NM area with local news, obituaries, weather, and community events. ",106 Bridge St,Las Vegas,San Miguel,NM,87701,*,*,O'Rourke Media Group,CO,Private individual or family,https://www.facebook.com/LasVegasOptic/,https://www.instagram.com/lasvegasoptic/?hl=en,,https://twitter.com/lasvegasoptic?lang=en,,https://www.linkedin.com/company/las-vegas-daily-optic/,https://orourkemediagroup.com/,,2023,35.5937792,-105.2242939,ok
Los Alamos Daily Post,https://www.ladailypost.com,Digital,Los Alamos,Los Alamos,General,"Navajo Nation,Isleta Pueblo,Jemez Pueblo,Nambe Pueblo,Ohkay Owingeh Pueblo,Pojoaque Pueblo,Santa Clara Pueblo,Taos Pueblo,Tesuque Pueblo",More than once a day,90000,7,0,English,*,1.3333333333333333,"Not the most user friendly website, pretty outdated. They publish frequently but the stories are either very in depth, or essentially press releases. ",1247 Central Avenue,Los Alamos,Los Alamos,NM,87544,2012,*,Carol A. Clark,NM,Private individual or family,https://www.facebook.com/LADailyPost,https://www.instagram.com/losalamosdailypost/,https://www.youtube.com/ladailypost,https://x.com/ladailypost?lang=en,,,,,2025,35.8810022,-106.2972738,ok
Los Alamos Reporter,https://losalamosreporter.com/,Digital,Los Alamos,Los Alamos,*,*,More than once a day,*,1,0,*,*,1.6666666666666667,Digital news blog serving Las Alamos area.,199 Central Park Square,Los Alamos,Los Alamos,NM,87544,2018,*,Maire O'Neill,NM,Private individual or family,https://www.facebook.com/LosAlamosReporter/?ref=embed_page,,,,,,,,2025,35.8816827,-106.3010265,ok
Lovington Leader,https://lovingtonleaderonline.com,Print,Lea,Lea,*,*,Weekly,15500,1,2,English,No,1.3333333333333333,"Oldest newspaper serving Lea County area, 3 times a week, limited digital access.",14 W. Avenue B,Lovington,Lea,NM,88260,1984,1991,John and Jeanine Graham,NM,Private individual or family,https://www.facebook.com/lovingtonleader/,,,,,,,,2025,32.9461927,-103.3493809,ok
Mountainair Dispatch,https://www.mountainairdispatch.com,Digital,Torrance,Torrance,"General,Farm or Agricultural,Other (Land Grant Communities)",Other The land grant communities are a mix of indigineous and campese√±o populations.),Semi-Daily (fewer than 7 days a week),15000,1,0,English,No,1.2083333333333333,Digital news blog started by local man to fill coverage gap. Brings news and analysis to local government proceedings. Also weather and local events.,221 W Broadway,Mountainair,Torrance,NM,87036,2022,*,Todd Brogowski,NM,Private individual or family,https://www.facebook.com/profile.php/?id=100087660970272 ,https://www.instagram.com/mountainairdispatch/ ,https://www.youtube.com/channel/UCWxertr8vRGLS8RWTseb5Hw ,https://x.com/mtnairdispatch,,,,,2025,32.7697564,-108.2774026,ok
Native America Calling & National Native News,https://nativeamericacalling.com,Radio,Statewide,"Bernallilo, Catron, Chaves, Cibola, Colfax, Curry, De Baca, Dona Ana, Eddy, Grant, Guadalupe, Harding, Hidalgo, Lea, Lincoln, Los Alamos, Luna, McKinley, Mora, Otero, Quay, Rio Arriba, Roosevelt, Sandoval, San Juan, San Miguel, Santa Fe, Sierra, Socorro, Taos, Torrance, Union, Valencia","General,Indigenous","Navajo Nation,Acoma Pueblo,Cochiti Pueblo,Isleta Pueblo,Jemez Pueblo,Jicarilla Apache Nation,Laguna Pueblo,Mescalero Apache Tribe,Nambe Pueblo,Ohkay Owingeh Pueblo,Picuris Pueblo,Pojoaque Pueblo,Ramah Navajo,Sandia Pueblo,San Felipe Pueblo,San Ildefonso Pueblo,Santa Ana Pueblo,Santa Clara Pueblo,Santo Domingo Pueblo (Kewa),Taos Pueblo,Tesuque Pueblo,Zia Pueblo,Zuni Pueblo",Occasionally or Sporadically,490000,*,*,English,No,2,"National Native American radio program originating in ABQ, frequently references issues of interest to New Mexicans.",4401 Lomas Blvd NE,Albuquerque,Bernalillo,NM,87110,1995,NA,Koahnic Broadcast Corporation,AK,Nonprofit organization,https://www.facebook.com/nativeamericacalling,https://www.instagram.com/nativeamericacalling/,https://www.youtube.com/@nativevoiceone, https://x.com/180099native,,https://www.linkedin.com/company/koahnic-broadcast-corporation/,,,2025,35.0878505,-106.5934353,ok
Navajo Times Publishing Co. Inc. ,https://www.navajotimes.com,Print,McKinley,McKinley,*,*,Daily,*,*,*,*,*,2,Native-owned newspaper covering the Navajo Nation and Four Corners area. Created by but long independent of tribal government.,"NE Corner of State route 264 and Navajo, Route 12 Suite 13-A",Window Rock,Apache,AZ,86515,1960,NA,Navajo Times Publishing Co. Inc. ,AZ,For profit organization,https://facebook.com/navajotimes,https://instagram.com/navajotimes,https://www.youtube.com/c/NavajotimesAZ,https://twitter.com/navajotimes,,,,,2025,35.631712,-108.906444,ok
New Mexico In Depth,https://nmindepth.com,Digital,Statewide,"Bernallilo, Catron, Chaves, Cibola, Colfax, Curry, De Baca, Dona Ana, Eddy, Grant, Guadalupe, Harding, Hidalgo, Lea, Lincoln, Los Alamos, Luna, McKinley, Mora, Otero, Quay, Rio Arriba, Roosevelt, Sandoval, San Juan, San Miguel, Santa Fe, Sierra, Socorro, Taos, Torrance, Union, Valencia","Indigenous,Other (We target the New Mexico political class -- lawmakers, advocates, government employees, members of the executive branch, etc., and we orient our work to serve low-income communities, Indigenous and other people of color, seniors, children, the incarcerated, etc. I selected Indigenous above because we have dedicated a significant part of our budget to Indigenous affairs coverage. )","Other (Our work lately centers on missing and murdered Indigenous women, which encompasses all these tribes. Past coverage has centered on Navajo chapters in western New Mexico, Laguna and Acoma Pueblos, and urban Indigenous populations. )",Weekly,10000,3.5,2,English,No,2.3333333333333335,"Digital news service with explanatory journalism and speciality areas, including strong state government focus, indigenous affairs. ",1 Civic Plaza,Albuquerque,Bernalillo,NM,87102,2012,NA,"We are an independent, New Mexico based nonprofit",NM,Nonprofit organization,https://www.facebook.com/NMInDepth,https://www.instagram.com/nmindepth/,https://www.youtube.com/user/NMInDepth,https://x.com/NMInDepth,,,,,2025,35.0877578,-106.6513592,ok
New Mexico Jewish Journal,https://www.nmjewishjournal.com,Digital,Statewide,"Bernallilo, Catron, Chaves, Cibola, Colfax, Curry, De Baca, Dona Ana, Eddy, Grant, Guadalupe, Harding, Hidalgo, Lea, Lincoln, Los Alamos, Luna, McKinley, Mora, Otero, Quay, Rio Arriba, Roosevelt, Sandoval, San Juan, San Miguel, Santa Fe, Sierra, Socorro, Taos, Torrance, Union, Valencia","Other Ethnic Community,Religious,Arts, Culture, Music,Other (Secular, state-wide, independent publication )","Other (occasionally will report on issues of significance to Native communities, as a former Navajo Times reporter)",Monthly,2500,1,2,English,No,1.5833333333333333,"Niche publication that touches on various topics and issues relating to New Mexico with original content, limited engagement. ",4101 Corrales Rd.,Corrales,Sandoval,NM,87048,2024,*,Diane Joy Schmidt,NM,For profit organization,,,,,,,,,2025,35.2211811,-106.619106,ok
New Mexico Magazine,https://www.newmexicomagazine.org/,Digital,Statewide,"Bernallilo, Catron, Chaves, Cibola, Colfax, Curry, De Baca, Dona Ana, Eddy, Grant, Guadalupe, Harding, Hidalgo, Lea, Lincoln, Los Alamos, Luna, McKinley, Mora, Otero, Quay, Rio Arriba, Roosevelt, Sandoval, San Juan, San Miguel, Santa Fe, Sierra, Socorro, Taos, Torrance, Union, Valencia","General,Hispanic,Indigenous,African-American,LGBTQ+,Hunting, Fishing, Outdoor Recreation,Environment, Nature,Arts, Culture, Music,Other (Out of state travelers and ex-pats)","Navajo Nation,Acoma Pueblo,Cochiti Pueblo,Isleta Pueblo,Jemez Pueblo,Jicarilla Apache Nation,Laguna Pueblo,Mescalero Apache Tribe,Nambe Pueblo,Ohkay Owingeh Pueblo,Picuris Pueblo,Pojoaque Pueblo,Ramah Navajo,Sandia Pueblo,San Felipe Pueblo,San Ildefonso Pueblo,Santa Ana Pueblo,Santa Clara Pueblo,Santo Domingo Pueblo (Kewa),Taos Pueblo,Tesuque Pueblo,Zia Pueblo,Zuni Pueblo",Monthly,525000,5,5,English,No,2.0833333333333335,Monthly magazine with an active digital service -- ostenibly promotes NM tourism but offers historical and other context as timely issues arise relative to locations and peoples.,491 Old Santa Fe Trail,Santa Fe,Santa Fe,NM,87501,1923,NA,New Mexico Tourism Department,NM,Other (State Corp.),https://www.facebook.com/NewMexicoMagazine,https://www.instagram.com/newmexicomag/,,https://x.com/NMMagazine,,,,,2025,35.6831158,-105.937858,ok
New Mexico News Port,https://newmexiconewsport.com,Digital,Statewide,"Bernallilo, Catron, Chaves, Cibola, Colfax, Curry, De Baca, Dona Ana, Eddy, Grant, Guadalupe, Harding, Hidalgo, Lea, Lincoln, Los Alamos, Luna, McKinley, Mora, Otero, Quay, Rio Arriba, Roosevelt, Sandoval, San Juan, San Miguel, Santa Fe, Sierra, Socorro, Taos, Torrance, Union, Valencia",General,Not Applicable,Weekly,1000,0.5,10,English,No,1.25,Student powered digital multimedia coverage of state and local issues and events. Publishes sporadically.,"2101 Central Ave, 1 Univ of New Mexico",Albuquerque,Bernalillo,NM,87131,2014,NA,UNM C&J Dept,NM,Nonprofit organization,,,,@nmnewsport,,,,,2025,35.095407,-106.673563,ok
"New Mexico PBS (KNME-TV, 
KNMD-TV)",https://www.nmpbs.org,Television,Statewide,"Bernallilo, Catron, Chaves, Cibola, Colfax, Curry, De Baca, Dona Ana, Eddy, Grant, Guadalupe, Harding, Hidalgo, Lea, Lincoln, Los Alamos, Luna, McKinley, Mora, Otero, Quay, Rio Arriba, Roosevelt, Sandoval, San Juan, San Miguel, Santa Fe, Sierra, Socorro, Taos, Torrance, Union, Valencia","General,Hispanic,Indigenous,Low Income,Women,Men,LGBTQ+,Veterans,Young People,Old People,Profession or Trade,Environment, Nature,Arts, Culture, Music,Other (News & Public Affairs)","Navajo Nation,Acoma Pueblo,Cochiti Pueblo,Isleta Pueblo,Jemez Pueblo,Jicarilla Apache Nation,Laguna Pueblo,Nambe Pueblo,Ohkay Owingeh Pueblo,Picuris Pueblo,Pojoaque Pueblo,Ramah Navajo,Sandia Pueblo,San Felipe Pueblo,San Ildefonso Pueblo,Santa Ana Pueblo,Santa Clara Pueblo,Santo Domingo Pueblo (Kewa),Taos Pueblo,Tesuque Pueblo,Zia Pueblo,Zuni Pueblo",Weekly,29654,10,2,English,Yes - Spanish,2.25,"The state's largest PBS member station covering public affairs in a weekly one-hour news magazine, plus cultural programming and original documentaries.",1130 University Blvd. NE,Albuquerque,Bernalillo,NM,87102,1958,NA,Board of Regents for the University of New Mexico and the Board of Education for Albuquerque Public Schools,NM,Nonprofit organization,https://business.facebook.com/latest/home?nav_ref=bm_home_redirect&business_id=689677762979794&asset_id=219316958264806,https://www.instagram.com/nmpbs/,https://www.youtube.com/user/newmexicopbs,https://x.com/NMPBS,,https://www.linkedin.com/company/knme-tv-new-mexico-pbs/,,,2025,35.0943167,-106.6245359,ok
New Mexico Political Report,https://nmpoliticalreport.com,Digital,Statewide,"Bernallilo, Catron, Chaves, Cibola, Colfax, Curry, De Baca, Dona Ana, Eddy, Grant, Guadalupe, Harding, Hidalgo, Lea, Lincoln, Los Alamos, Luna, McKinley, Mora, Otero, Quay, Rio Arriba, Roosevelt, Sandoval, San Juan, San Miguel, Santa Fe, Sierra, Socorro, Taos, Torrance, Union, Valencia",General,Not Applicable,Semi-Daily (fewer than 7 days a week),16500,4,1,English,No,1.5,Digital news site focused on political and environmental issues in NM; borrows stories from sister news outlets (Ctrl+P). ,317 Commercial St NE Box 2,Albuquerque,Bernalillo,NM,87102,2014,2024,Citizen Media Group,NM,Nonprofit organization,https://www.facebook.com/NMpoliticalReport/?ref=embed_page#,,,,,,,,2025,35.069296,-106.64853,ok
New Mexico Politics with Joe Monahan,https://joemonahansnewmexico.blogspot.com/,Digital,Statewide,"Bernallilo, Catron, Chaves, Cibola, Colfax, Curry, De Baca, Dona Ana, Eddy, Grant, Guadalupe, Harding, Hidalgo, Lea, Lincoln, Los Alamos, Luna, McKinley, Mora, Otero, Quay, Rio Arriba, Roosevelt, Sandoval, San Juan, San Miguel, Santa Fe, Sierra, Socorro, Taos, Torrance, Union, Valencia",*,*,Semi-Daily (fewer than 7 days a week),*,1,0,English,*,0.875,NM political news and insights. Mostly commentary. ,1 Civic Plaza NW,Albuquerque,Bernalillo,NM,87102,2003,*,Joe Monahan ,NM,Private individual or family,https://www.facebook.com/AboutJoeMonahan/,,,,,,,,2025,35.0877578,-106.6513592,ok
New Mexico Sun,https://newmexicosun.com/,Digital,Statewide,"Bernallilo, Catron, Chaves, Cibola, Colfax, Curry, De Baca, Dona Ana, Eddy, Grant, Guadalupe, Harding, Hidalgo, Lea, Lincoln, Los Alamos, Luna, McKinley, Mora, Otero, Quay, Rio Arriba, Roosevelt, Sandoval, San Juan, San Miguel, Santa Fe, Sierra, Socorro, Taos, Torrance, Union, Valencia",General,,Daily,*,*,*,English,No,0.8333333333333334,"State-focused website and newsletter focused on New Mexico government, policy, and issues. Sponsored by business coalition. Leans heavily on press releases and commentary.",145 Calle Del Presidente,Albuquerque,Bernalillo,NM,87199,2021,NA,New Mexico Business Coalition,NM,Nonprofit organization,,,,,,,,,2025,35.3049115,-106.5469193,ok
newmexico.news,https://newmexico.news,Digital,Statewide,"Bernallilo, Catron, Chaves, Cibola, Colfax, Curry, De Baca, Dona Ana, Eddy, Grant, Guadalupe, Harding, Hidalgo, Lea, Lincoln, Los Alamos, Luna, McKinley, Mora, Otero, Quay, Rio Arriba, Roosevelt, Sandoval, San Juan, San Miguel, Santa Fe, Sierra, Socorro, Taos, Torrance, Union, Valencia",General,*,Daily,90000,16,5,English,No,2.3333333333333335,A digital offering that aggregates news from seven outlets under the Ctrl+P and Citizens Media umbrella. This is for statewide purposes though has a Central NM concentration.,"317 Commercial St NE , Box 2",Albuquerque,Bernalillo,NM,87102,2025,*,Ctrl+P Publishing Inc. ,NM,For profit organization,,,,,,,,,2025,35.069296,-106.64853,ok
"Noalmark New Mexico (KEJL-AM, KIXN-FM, KLEA-FM, KZOR-FM)
",https://hobbsamerica.com,Radio,"Chaves, Eddy, Lea","Chaves, Eddy, Lea","General,Hispanic,Sports, Athletics,Arts, Culture, Music",Not Applicable,More than once a day,50000,3,2,English,No,2,Inactive digital site. Noalmark radio group touts local news.,619 N. Turner,Hobbs,Lea,NM,88240,1973,1975,Noalmark Broadcasting,AR,For profit organization,https://www.facebook.com/kix103hobbs/,https://www.instagram.com/z94kzor/,affiliate: https://www.youtube.com/@LovingtonSports,http://twitter.com/kix103,,,,,2025,32.7063205,-103.1363067,ok
Nob Hill News,https://www.abqnobhillnews.com,Digital,Albuquerque,Bernallilo,General,Not Applicable,Semi-Daily (fewer than 7 days a week),100,0,0.5,English,No,1.6666666666666667,"Niche neighborhood newsletter covering local history, city council, development, business, etc. ",200 Mulberry Street Northeast,Albuquerque,Bernalillo,NM,87106,2025,*,Lindsay Wood,NM,Private individual or family,,,,,,,,,2025,35.0836752,-106.6344161,ok
Organ Mountain News,https://www.organmountainnews.com,Digital,Doña Ana,Dona Ana,"General,Hispanic,Low Income,Young People,Arts, Culture, Music",Mescalero Apache Tribe,More than once a day,*,1,1,English,No,1.7083333333333333,Digital outlet covering Las Cruces area with local and state news. ,"444 East Griggs Avenue, Unit 1",Las Cruces,Dona Ana,NM,88001,2024,NA,"Damien Willis / Organ Mountain News, LLC",NM,Private individual or family,https://www.facebook.com/OrganMountainNews,https://www.instagram.com/organmountainnews/?ref=organmountainnews.com,,https://x.com/OrganMtnNews?ref=organmountainnews.com,,,http://organmountainnews.bsky.social/?ref=organmountainnews.com,,2025,32.3102641,-106.7749165,ok
Piñon Post,https://pinonpost.com,Digital,Statewide,"Bernallilo, Catron, Chaves, Cibola, Colfax, Curry, De Baca, Dona Ana, Eddy, Grant, Guadalupe, Harding, Hidalgo, Lea, Lincoln, Los Alamos, Luna, McKinley, Mora, Otero, Quay, Rio Arriba, Roosevelt, Sandoval, San Juan, San Miguel, Santa Fe, Sierra, Socorro, Taos, Torrance, Union, Valencia",General,Not Applicable,More than once a day,60000,3,2,English,No,1.2916666666666667,"The Piñon Post is a blog with local news and commentary, heavy on conservative commentary, relevant to New Mexico. Engagement includes comment section and Instagram page. ",930 E. 12th St.,Alamogordo,Otero,NM,88311,2018,*,"John Block, Pi√±on Post LLC",NM,For profit organization,https://www.facebook.com/pinonpost,https://www.instagram.com/pinonpost/,,https://twitter.com/pinonpost,,,,mewe; https://mewe.com/p/pi%C3%B1onpost    truth:https://truthsocial.com/@PinonPost ,2025,32.9011601,-105.9507317,ok
Quay County Sun,https://www.qcsunonline.com,Print,Quay,Quay,General,Not Applicable,Weekly,*,1,0,English,No,1.5833333333333333,Newspaper with website for local coverage in Quay County area. ,521 Pile St,Clovis,Quay,NM,88102,*,2012,Stevenson Newspaper Group,WY ,Private individual or family,,,,https://twitter.com/QCSunOnline,,,,,2025,34.4031499,-103.2039202,ok
Questa del Rio News,https://questanews.com/,Print,Taos,Taos,General,,Monthly,*,1.5,1,English,No,1.5,"Monthly print newspaper with website serving Questa, Red River, Cerro, Costilla, Amalia, Lama, San Cristobal.",1 Highway 38,Questa,Taos,NM,87556,*,*,Questa Economic Development Fund,NM,Nonprofit organization,https://www.facebook.com/QuestaNews,https://www.instagram.com/questadelrionews/,https://www.youtube.com/@Qnews2015,,,,,,2025,36.705534,-105.585643,ok
Rio Grande Sun,https://Riograndesun.com,Print,Rio Arriba,Rio Arriba,General,*,Semi-Daily (fewer than 7 days a week),11500,5,0,English,*,1.8333333333333333,"Newspaper with website covers Española area events, recreation, education, crime, city council and the courts. ",530 Paseo De Onate,Espanola,Rio Arriba,NM,87532,1950,2023,El Rito Media,NM,Private individual or family,http://www.facebook.com/Rio-Grande-Sun-116326938388116/,https://www.instagram.com/riograndesun/,,https://twitter.com/rgsun,,,,,2025,35.9907734,-106.0798676,ok
Rio Rancho Observer,https://rrobserver.com,Print,Rio Rancho,Bernallilo,General,"Navajo Nation,Cochiti Pueblo,Jemez Pueblo,Sandia Pueblo,Santa Ana Pueblo,Santo Domingo Pueblo (Kewa)",Weekly,110000,3.25,0,English,No,1.8333333333333333,Newspaper with website focuses on Rio Ranco area news and events. Owned by ABQ Journal company.,"2316 Southern Blvd., Suite B",Rio  Rancho,Sandoval,NM ,87124,1926,*,Albuquerque Publishing Company,NM,Private individual or family,https://www.facebook.com/RioRanchoObserver/,https://www.instagram.com/rrobserver/,https://www.youtube.com/channel/UCzWHAWlju33r4fGN0tXvxNw,https://twitter.com/rrobserver,,https://www.linkedin.com/company/rio-rancho-observer,,,2025,35.241501,-106.6905293,ok
Roosevelt Review,https://www.therooseveltreview.com/,Digital,Roosevelt,Roosevelt,General,Not Applicable,Semi-Daily (fewer than 7 days a week),4000,1,0.5,English,No,1.3333333333333333,Online site emphasizing community events and local tidbits in the Portales area. ,1675 S Roosevelt Road 6,Portales,Roosevelt,NM,88130,2018,*,Quaylene Parkey,NM,Private individual or family,https://www.facebook.com/The-Roosevelt-Review-1549904531971039/?fref=ts,https://www.instagram.com/rooseveltreview/,,,,,,,2025,34.1714865,-103.312455,ok
Roswell Daily Record,https://rdrnews.com,Print,Roswell,Chaves,"General,Hispanic,Farm or Agricultural,Sports, Athletics,Arts, Culture, Music,Other (OIl & Gas)",Not Applicable,Daily,82622,5,0.8,English,Yes - Other (We Publish main local articles in Spainish bi-weekly),1.75,"Small, locally owned newspaper providing primary coverage for Roswell and Chaves County.",2301 N Main Street,Roswell,Chaves,NM,88201,1897,2022,"Roswell Daily Record, Inc",NM,For profit organization,https://www.facebook.com/RoswellDailyRecord/,https://www.instagram.com/rdrnews/,https://www.youtube.com/c/roswelldailyrecord/featured,https://www.twitter.com/RDRNews,,,,,2025,33.4197212,-104.5232397,ok
Round The Roundhouse,https://roundtheroundhouse.com,Digital,Statewide,"Bernallilo, Catron, Chaves, Cibola, Colfax, Curry, De Baca, Dona Ana, Eddy, Grant, Guadalupe, Harding, Hidalgo, Lea, Lincoln, Los Alamos, Luna, McKinley, Mora, Otero, Quay, Rio Arriba, Roosevelt, Sandoval, San Juan, San Miguel, Santa Fe, Sierra, Socorro, Taos, Torrance, Union, Valencia",Other (state employees),N/A,Monthly,35000,1,0,English,No,0.875,"Newspaper catering to the information needs of state employees though has generally accessible content for all residents, given their reliance or interest in state goverment matters. Limited digital engagment.",320 Paseo de Peralta Suite B,Santa Fe,Santa Fe,NM,87507,1989,2014,Carol Hetzler,NM,Private individual or family,https://www.facebook.com/Roundtheroundhouse/,,,,,,,,2025,35.692319,-105.9419886,ok
Ruidoso News,https://ruidosonews.com,Print,Lincoln,Lincoln,"General,Veterans,Profession or Trade,Hunting, Fishing, Outdoor Recreation,Sports, Athletics,Environment, Nature,Arts, Culture, Music",Mescalero Apache Tribe,Weekly,18000,2,4,English,No,1.6666666666666667,Newspaper with website focused on Ruidoso news and events.,720 Sudderth Drive,Ruidoso,Lincoln,NM,88345,2024,2024,El Rito Media,NM,For profit organization,,,,,,,,,2025,33.3240737,-105.6541222,ok
Sandoval Signpost,https://sandovalsignpost.com,Digital,Sandoval,Sandoval,"General,Hispanic,Indigenous,Farm or Agricultural","Cochiti Pueblo,Jemez Pueblo,Sandia Pueblo,Santa Ana Pueblo",Semi-Daily (fewer than 7 days a week),10000,1.5,1,English,No,1.6666666666666667,Digital first outlet serving Sandoval County with local news.,317 Commercial St NE #2,Albuquerque,Bernalillo,NM,87102,1988,2022,Ctrl+P Publishing,NM,For profit organization,,,,,,,,,2025,35.0862725,-106.6461755,ok
Santa Fe New Mexican,https://www.santafenewmexican.com,Print,"Los Alamos, Rio Arriba, San Miguel, Sandoval, Santa Fe","Los Alamos, Rio Arriba, San Miguel, Sandoval, Santa Fe","General,Arts, Culture, Music",*,Daily,140000,37,3,English,No,2.8333333333333335,Family owned large daily newspaper serving Santa Fe and Norhtern New Mexico with comprehensive state and local coverage.,150 Washington Ave,Santa Fe,Santa Fe,NM,87501,1849,1949,Robin Martin,NM,Private individual or family,https://www.facebook.com/santafenewmexican/,https://www.instagram.com/sfnewmexican/?hl=en,http://www.youtube.com/user/sfnmwebed/videos,https://twitter.com/thenewmexican/,,http://www.linkedin.com/company/santa-fe-new-mexican/,,,2025,35.6887721,-105.9375625,ok
Santa Fe Reporter,https://sfreporter.com,Digital,Santa Fe,Santa Fe,"General,Arts, Culture, Music",Not Applicable,Semi-Daily (fewer than 7 days a week),20000,4,4,English,No,2,"Under new management. Alt weekly known for in-depth cover pieces, events coverage, and arts/culture reviews.",63 Lincoln Ave.,Santa Fe,Santa Fe,NM,87502,1974,2024,Ctrl+P Publishing,NM,For profit organization,https://www.facebook.com/SFReporter/,https://www.instagram.com/sfreporter/,https://www.youtube.com/channel/UCe8tis_ntIEdDbdwT_3A0GQ,https://twitter.com/SantaFeReporter/,,,,,2025,35.6877047,-105.9387678,ok
Searchlight New Mexico,https://searchlightnm.org/,Digital,Statewide,"Bernallilo, Catron, Chaves, Cibola, Colfax, Curry, De Baca, Dona Ana, Eddy, Grant, Guadalupe, Harding, Hidalgo, Lea, Lincoln, Los Alamos, Luna, McKinley, Mora, Otero, Quay, Rio Arriba, Roosevelt, Sandoval, San Juan, San Miguel, Santa Fe, Sierra, Socorro, Taos, Torrance, Union, Valencia","Hispanic,Indigenous",Navajo Nation,Weekly,17000,5,3,English,"Yes - Spanish,Yes - Navajo",2.6666666666666665,Nonprofit investigative digital news service serving New Mexico with in-depth coverage of issues. Stories often carried by partner outlets. ,"441 Greg Ave, Ste. 100",Santa Fe,Santa Fe,NM,87501,2018,*,Searchlight NM News 501c3,NM,Nonprofit organization,https://www.facebook.com/SearchlightNewMexico/,https://www.instagram.com/searchlightnm/,,https://twitter.com/SearchlightNM,,,,,2025,35.6970822,-105.956365,ok
Sierra County Citizen,https://sierracountycitizen.org,Digital,Sierra,Sierra,General,Not Applicable,Semi-Daily (fewer than 7 days a week),150,0.5,1,English,No,1.0833333333333333,Digital site for community posts aspiring for enlightenment and engagement. Not a professional journalism enterprise but a reasonable substitute using citizen observations and discussion.,105 S. Central St.,Williamsburg,Sierra,NM,87942,2019,*,Sierra County Public-Interest Journalism Project,NM,Nonprofit organization,,,,,,,,,2025,33.115266,-107.293299,ok
Sierra County Sentinel,https://www.gpkmedia.com/,Print,Sierra,Sierra,"General,Low Income,Veterans,Sports, Athletics",Not Applicable,Weekly,23000,2,1.5,English,No,1.9166666666666667,"Newspaper, website, and radio station are part of GPK media serving Soccoro area with daily news, events, sports, obituaries, etc. ",217 E 3rd Ave,Truth or Consequences,Sierra,NM,87901,1967,1997,GPK Media,NM,Private individual or family,https://www.facebook.com/SierraCountySentinel.KCHSRadio/,https://www.instagram.com/sierra_county_news/?hl=en,https://www.youtube.com/channel/UC0eojn0l4DaP0_lRiZfZtJQ,https://twitter.com/Sierraco_News,,,,,2025,33.1328953,-107.248393,ok
Silver City Daily Press and Independent,https://scdailypress.com,Print,"Catron,Grant","Catron, Grant","General,Hispanic,Sports, Athletics,Environment, Nature,Arts, Culture, Music",Not Applicable,Semi-Daily (fewer than 7 days a week),12000,5,0.7,English,No,1.75,Locally owned newspaper and web service serving Silver City and vicinity with daily coverage of news and events.,300 W Market St,Silver City,Grant,NM,88061,1896,2014,Silver City Independent Publishing Co LLC,NM,Private individual or family,,,,https://twitter.com/SCDailyPress,,,,,2025,32.7714554,-108.2779057,ok
"SkyWest Media Group (KNFT-FM, KNFT-AM, KSCQ-FM, KPSA-FM, KZXQ-FM",https://silvercityradio.com,Radio,"Catron, Grant, Hidalgo, Luna","Catron, Grant, Hidalgo, Luna","General,Hispanic,Women,Men,Farm or Agricultural,Veterans,Young People,Old People,Profession or Trade,Hunting, Fishing, Outdoor Recreation,Environment, Nature,Arts, Culture, Music",Not Applicable,More than once a day,52000,1,1,English,No,1.0416666666666667,Local radio group in Silver City offers headline coverage of local news and events.,1560 North Corbin,Silver City,Grant,NM,88061,2005,*,"SkyWest Media, LLC (Ted Tucker)",NM,Private individual or family,,,,,,,,,2025,32.7820178,-108.2705892,ok
Source New Mexico,https://sourcenm.com,Multiplatform,Statewide,"Bernallilo, Catron, Chaves, Cibola, Colfax, Curry, De Baca, Dona Ana, Eddy, Grant, Guadalupe, Harding, Hidalgo, Lea, Lincoln, Los Alamos, Luna, McKinley, Mora, Otero, Quay, Rio Arriba, Roosevelt, Sandoval, San Juan, San Miguel, Santa Fe, Sierra, Socorro, Taos, Torrance, Union, Valencia",General,"Other (Source reports on regional tribal communities. Other outlets within the States Newsroom network do, too. Source and States Newsroom collaborate with other Indigenous news organizations.)",Daily,*,5,0,English,Yes - Spanish,2.6666666666666665,Daily source of news around the state. Part of States Newsroom national network but ample local coverage and staffing. ,63 Lincoln Ave.,Santa Fe,Santa Fe,NM,87501,2021,*,States Newsroom,DC,Nonprofit organization,,,,,,https://bsky.app/profile/sourcenm.com,,,2025,35.6877047,-105.9387678,ok
Southwest Contemporary,https://southwestcontemporary.com/,Digital,Statewide,"Bernallilo, Catron, Chaves, Cibola, Colfax, Curry, De Baca, Dona Ana, Eddy, Grant, Guadalupe, Harding, Hidalgo, Lea, Lincoln, Los Alamos, Luna, McKinley, Mora, Otero, Quay, Rio Arriba, Roosevelt, Sandoval, San Juan, San Miguel, Santa Fe, Sierra, Socorro, Taos, Torrance, Union, Valencia","General,Arts, Culture, Music",*,Semi-Daily (fewer than 7 days a week),24000,1.5,15,English,No,1,"A robust service focused on arts and culture -- which can have special resonance in New Mexico insofar as events and policies affect arts, artists and other groups. ",369 Montezuma Ave #258,Santa Fe,Santa Fe,NM,87501,2019,*,Lauren Tresp,NM,Private individual or family,https://www.facebook.com/swcontemporary/,https://www.instagram.com/swcontemporary/,,,,,,,2025,35.6849242,-105.945104,ok
State Line Tribune,https://statelinetribune.com/,Print,Curry,Curry,"General,Hispanic,Farm or Agricultural,Sports, Athletics",Not Applicable,Weekly,2500,2,0,English,No,1,"Print only publication based in Texas provides some relevant information to Curry County, NM",404 3rd St,Farwell,Parmer,TX,79325,1912,2004,Rob and Rebecca Pomper,TX,Private individual or family,,,,,,,,,2025,34.3847177,-103.040281,ok
Taos News,https://www.taosnews.com,Print,"Colfax, Rio Arriba, Taos","Colfax, Rio Arriba, Taos","General,Hispanic,Indigenous,Other Ethnic Community,Low Income,Women,Men,LGBTQ+,Farm or Agricultural,Disabled,Religious,Immigrant,Homeless,Veterans,Young People,Old People,Hunting, Fishing, Outdoor Recreation,Sports, Athletics,Environment, Nature,Arts, Culture, Music","Picuris Pueblo,Taos Pueblo",More than once a day,200000,10.5,3,English,Yes - Spanish,2.7916666666666665,Locally owned newspaper committed to Taos region; comprehensive coverage via weekly print and daily web updates.,226 Albright Steet,Taos,Taos,NM,87571,1959,*,Robin Martin,NM,For profit organization,,,,https://twitter.com/taosnews,,,,,2025,36.396529,-105.576735,ok
The Independent News,https://edgewood.nm.news/,Digital,"Bernalillo, Santa Fe, Torrance","Bernalillo, Santa Fe, Torrance",General,Not Applicable,Semi-Daily (fewer than 7 days a week),5000,2,1,English,No,1.9166666666666667,"Local site and newsletter operated as part of Ctrl+P organization. Took over from ""The Independent"" newspaper of Edgewood. ",317 Commercial St NE Box 2,Albuquerque,Bernalillo,NM ,87102,1999,2023,Ctrl+P Publishing,NM,For profit organization,,,,,,,,,2025,35.069296,-106.64853,ok
The Mustang,https://themustang.wnmu.edu/,Digital,Grant,Grant,Western New Mexico University,*,*,*,*,*,*,*,0.9583333333333334,Student media service that delivers intermittently.,1000 W College Ave,Silver City,Grant,NM,88061,*,*,WNMU,NM,Nonprofit organization,,,,,,,,,2023,32.7774008,-108.2856984,ok
The Paper.,https://abq.news,Digital,Bernalillo,Bernalillo,"General,LGBTQ+,Arts, Culture, Music",Not Applicable,Semi-Daily (fewer than 7 days a week),58000,2,2,English,No,1.9583333333333333,"Alt weekly with active digital service focused on Albuquerque news, issues, food, arts, events. Free ad-based model. ","317 Commercial St NE, #2",Albuquerque,Bernalillo,NM,87102,2020,*,Ctrl+P Publishing Inc.,NM,For profit organization,,,,,,,,,2025,35.0862725,-106.6461755,ok
The Ratonian,https://www.theratonian.com,Digital,Raton,Raton,"General,Low Income,Women",Not Applicable,Daily,10000,1,1.5,English,No,1.8333333333333333,An online publication that covers news around Raton,228 S 1st St,Raton,Colfax,NM,87740,2023,*,Laura L Brewer,NM,For profit organization,,,,,,,,,2025,36.9006521,-104.4385159,ok
The Round Up,https://nmsuroundup.com,Digital,Las Cruces,Las Cruces,"General,Hispanic,Indigenous,African-American,Asian-American,Women,Men,LGBTQ+,Disabled,Immigrant,Veterans,Young People,Profession or Trade,Sports, Athletics,Arts, Culture, Music",Not Applicable,Semi-Daily (fewer than 7 days a week),11000,2.875,3.25,English,No,1.9583333333333333,"Student media from NMSU journalism program that consistently covers campus and issues off campus with notable depth. ""CrimsonWire is the official digital media platform of the Department of Journalism and Media Studies at New Mexico State University in Las Cruces, New Mexico""",2795 S Locust St.,Las Cruces,Dona Ana,NM,88003,1907,NA,NMSU Journalism Department,NM,Nonprofit organization,https://www.facebook.com/NMSUroundup/,https://www.instagram.com/nmsuroundup/,https://www.youtube.com/channel/UCzD7WkZZMQoGB2iG27oN7Xw/featured,,,,,,2025,32.2853849,-106.7472086,ok
Tri-City Record,https://tricityrecordnm.com,Print,Farmington,San Juan,*,*,Daily,*,3,0,*,*,1.8333333333333333,Small paper provides determined news coverage of San Juan County area. ,108 Main St,Farmington,San Juan,NM,87401,*,*,Ballantine Communications,CO,For profit organization,,,,,,,,,2023,36.729146,-108.206538,ok
Union County Leader,https://www.easternnewmexiconews.com/author/union_county_leader,Print,"Colfax, Harding, Quay, Roosevelt, Union","Colfax, Harding, Quay, Roosevelt, Union",General,Not Applicable,Weekly,1800,2,0,English,No,0.9583333333333334,"Print only publication based in Clayton, NM, serving Union County, NM",15 N. First Street,Clayton,Union,NM,88415,1928,2010,Terry L Martin,NM,Private individual or family,https://www.facebook.com/pages/Union-County-Leader/1664102353847473 ,https://www.instagram.com/sucasamagazine/,,,,,,,2025,36.451866,-103.184183,ok
Uplands Uplifting News,https://uplandsupliftingnews.com,Digital,Mora,Mora,"Hispanic,Farm or Agricultural,Young People,Environment, Nature,Arts, Culture, Music",Not Applicable,Monthly,50,1,0,English,Yes - Spanish,0.9583333333333334,Digital startup trying to fill information needs in Mora County area. Spotty coverage.,38 County Road B022,Cleveland,Mora,NM,87715,2023,NA,The Sangre de Cristo Mountain initiative,NM,For profit organization,,,,,,,,,2025,34.5635481,-106.2934589,ok
UpLift Chronicles ,https://www.upliftnewmexico.org/,Print,Statewide,"Bernallilo, Catron, Chaves, Cibola, Colfax, Curry, De Baca, Dona Ana, Eddy, Grant, Guadalupe, Harding, Hidalgo, Lea, Lincoln, Los Alamos, Luna, McKinley, Mora, Otero, Quay, Rio Arriba, Roosevelt, Sandoval, San Juan, San Miguel, Santa Fe, Sierra, Socorro, Taos, Torrance, Union, Valencia","African-American,Asian-American,Other Ethnic Community,Low Income,Women,LGBTQ+,Immigrant,Homeless,Veterans,Arts, Culture, Music,Other (International District residents and business owners)",Not Applicable,Monthly,9500,2.5,2,English,No,1.4166666666666667,Print and digital effort to serve underserved ABQ community with local news and views. Emphasis on growing Black business and community fabric. ,1314 Madeira Dr SE,Albuquerque,Bernalillo,NM,87108,2022,*,New Mexico Black Leadership Council ,NM,Nonprofit organization,,,,,,,,,2025,35.0598091,-106.5841549,ok
Valencia County News-Bulletin,https://www.news-bulletin.com/,Print,Valencia,Valencia,"General,Hispanic,Indigenous,Other Ethnic Community,Low Income,Women,Men,LGBTQ+,Farm or Agricultural,Disabled,Religious,Immigrant,Homeless,Veterans,Prisoners,Young People,Old People,Profession or Trade,Hunting, Fishing, Outdoor Recreation,Sports, Athletics,Environment, Nature,Arts, Culture, Music","Isleta Pueblo,Laguna Pueblo",Weekly,200000,4,0,English,No,1.9166666666666667,Newspaper serving the information needs of Valencia County residents. Owned by ABQ Journal company. ,"221 S. Main St., Suite B",Belen,Valencia,NM,87002,1910,2003,Journal Publishing Company,NM,Private individual or family,https://www.facebook.com/valenciacountynewsbulletin,https://www.instagram.com/vcnewsbulletin/,,https://twitter.com/VCNewsBulletin,,,,,2025,34.6595392,-106.7771666,ok
Voice of the Southwest,https://voiceofthesouthwest.org,Digital,"Catron, Cibola, McKinley, San Juan","Catron, Cibola, McKinley, San Juan","Hispanic,Indigenous,Religious","Navajo Nation,Acoma Pueblo,Jicarilla Apache Nation,Laguna Pueblo,Ramah Navajo,Zuni Pueblo",Semi-Daily (fewer than 7 days a week),8000,1,0,English,*,0.7916666666666666,"An information service provided by Catholic Archiocese of Gallup and focuses mainly on Catholic issues in western NM and eastern Arizona. Some issue and events coverage, through a religious lens.",503 W. Historics Highway 66,Gallup,McKinley,NM ,87301,1950,*,Roman Catholic Diocese of Gallup,NM,Nonprofit organization,,,,,,,,,2025,35.53067,-108.732285,ok
World Journal newspaper,https://www.worldjournalnewspaper.com,Print,Colfax,Colfax,"Hispanic,Indigenous,Low Income,Women,Men,LGBTQ+,Farm or Agricultural,Young People,Old People,Profession or Trade,Hunting, Fishing, Outdoor Recreation,Environment, Nature,Arts, Culture, Music",Not Applicable,Weekly,10000,7,3,English,No,1.6666666666666667,"Weekly newpaper based in Colorado with some coverage of Colfax County New Mexico. The World Journal focuses mainly on local government coverage, local events, and some history. The articles are mostly original with average depth.",504 MAIN ST,WALSENBURG,Huerfano,CO,81089,2007,NA,"Animas Del Oeste, LLC",CO,For profit organization,,,,,,,,,2025,37.6245417,-104.7812242,ok
